	Kingdom	Phylum	Class	Order	Family	Genus	Species
ASV_1	Viridiplantae	Streptophyta	Magnoliopsida	Fabales	Fabaceae	Lotus	NA
ASV_2	Viridiplantae	Streptophyta	Magnoliopsida	Fabales	Fabaceae	Lotus	NA
ASV_3	Viridiplantae	Streptophyta	Magnoliopsida	Fabales	Fabaceae	Ulex	NA
ASV_4	Viridiplantae	Streptophyta	Magnoliopsida	Ericales	Ericaceae	Daboecia	NA
ASV_5	Viridiplantae	Streptophyta	Magnoliopsida	Fabales	Fabaceae	Vicia	NA
ASV_6	Viridiplantae	Streptophyta	Magnoliopsida	Rosales	Rosaceae	Rubus	NA
ASV_7	Viridiplantae	Streptophyta	Magnoliopsida	Fabales	Fabaceae	Vicia	NA
ASV_8	Viridiplantae	Streptophyta	Magnoliopsida	Fabales	Fabaceae	Ulex	NA
ASV_9	Viridiplantae	Streptophyta	Magnoliopsida	Fabales	Fabaceae	Trifolium	NA
ASV_10	Viridiplantae	Streptophyta	Magnoliopsida	Lamiales	Orobanchaceae	Pedicularis	sylvatica
ASV_11	Viridiplantae	Streptophyta	Magnoliopsida	Fabales	Fabaceae	Trifolium	NA
ASV_12	Viridiplantae	Streptophyta	Magnoliopsida	Lamiales	Lamiaceae	Teucrium	NA
ASV_13	Viridiplantae	Streptophyta	Magnoliopsida	Fabales	Fabaceae	Lotus	NA
ASV_14	Viridiplantae	Streptophyta	Magnoliopsida	Fabales	Fabaceae	Lotus	NA
ASV_15	Viridiplantae	Streptophyta	Magnoliopsida	Ranunculales	Ranunculaceae	Ranunculus	bulbosus
ASV_16	Viridiplantae	Streptophyta	Magnoliopsida	Boraginales	Boraginaceae	Echium	vulgare
ASV_17	Viridiplantae	Streptophyta	Magnoliopsida	Lamiales	Plantaginaceae	Linaria	NA
ASV_18	Viridiplantae	Streptophyta	Magnoliopsida	Lamiales	Lamiaceae	Teucrium	NA
ASV_19	Viridiplantae	Streptophyta	Magnoliopsida	Lamiales	Plantaginaceae	Plantago	canescens/media
ASV_20	Viridiplantae	Streptophyta	Magnoliopsida	Lamiales	Lamiaceae	Prunella	NA
ASV_21	Viridiplantae	Streptophyta	Magnoliopsida	Boraginales	Boraginaceae	Echium	NA
ASV_22	Viridiplantae	Streptophyta	Magnoliopsida	Fabales	Fabaceae	Trifolium	occidentale/repens
ASV_23	Viridiplantae	Streptophyta	Magnoliopsida	Fabales	Fabaceae	Ulex	NA
ASV_24	Viridiplantae	Streptophyta	Magnoliopsida	Fabales	Fabaceae	Lathyrus	NA
ASV_25	Viridiplantae	Streptophyta	Magnoliopsida	Asterales	Asteraceae	Cirsium	NA
ASV_26	Viridiplantae	Streptophyta	Magnoliopsida	Fabales	Fabaceae	Lotus	NA
ASV_27	Viridiplantae	Streptophyta	Magnoliopsida	Fabales	Fabaceae	Genista	NA
ASV_28	Viridiplantae	Streptophyta	Magnoliopsida	Rosales	Rosaceae	Rosa	NA
ASV_29	Viridiplantae	Streptophyta	Magnoliopsida	Asterales	Asteraceae	Cirsium	NA
ASV_30	Viridiplantae	Streptophyta	Magnoliopsida	Lamiales	Plantaginaceae	Linaria	NA
ASV_31	Viridiplantae	Streptophyta	Magnoliopsida	Rosales	Rosaceae	Crataegus	monogyna/nigra
ASV_32	Viridiplantae	Streptophyta	Magnoliopsida	Lamiales	Plantaginaceae	Linaria	NA
ASV_33	Viridiplantae	Streptophyta	Magnoliopsida	Ericales	Ericaceae	Daboecia	NA
ASV_34	Viridiplantae	Streptophyta	Magnoliopsida	Fabales	Fabaceae	Vicia	NA
ASV_35	Viridiplantae	Streptophyta	Magnoliopsida	Fabales	Fabaceae	Lotus	NA
ASV_36	Viridiplantae	Streptophyta	Magnoliopsida	Poales	Poaceae	Zea	NA
ASV_37	Viridiplantae	Streptophyta	Magnoliopsida	Lamiales	Plantaginaceae	Linaria	NA
ASV_38	Viridiplantae	Streptophyta	Magnoliopsida	Fabales	Fabaceae	Trifolium	NA
ASV_39	Viridiplantae	Streptophyta	Magnoliopsida	Fabales	Fabaceae	Ulex	NA
ASV_40	Viridiplantae	Streptophyta	Magnoliopsida	Lamiales	Plantaginaceae	Linaria	NA
ASV_41	Viridiplantae	Streptophyta	Magnoliopsida	Malpighiales	Hypericaceae	Hypericum	NA
ASV_42	Viridiplantae	Streptophyta	Magnoliopsida	Fabales	Fabaceae	Vicia	NA
ASV_43	Viridiplantae	Streptophyta	Magnoliopsida	Rosales	Rosaceae	Rubus	NA
ASV_44	Viridiplantae	Streptophyta	Magnoliopsida	Fabales	Fabaceae	Ulex	NA
ASV_45	Viridiplantae	Streptophyta	Magnoliopsida	Lamiales	Plantaginaceae	Linaria	NA
ASV_46	Viridiplantae	Streptophyta	Magnoliopsida	Lamiales	Plantaginaceae	Linaria	NA
ASV_47	Viridiplantae	Streptophyta	Magnoliopsida	Ericales	Ericaceae	Vaccinium	NA
ASV_48	Viridiplantae	Streptophyta	Magnoliopsida	Ranunculales	Ranunculaceae	Helleborus	atrorubens/viridis
ASV_49	Viridiplantae	Streptophyta	Magnoliopsida	Ericales	Primulaceae	Primula	NA
ASV_50	Viridiplantae	Streptophyta	Magnoliopsida	Lamiales	Plantaginaceae	Linaria	NA
ASV_51	Viridiplantae	Streptophyta	Magnoliopsida	Fabales	Fabaceae	Ulex	NA
ASV_52	Viridiplantae	Streptophyta	Magnoliopsida	Solanales	Solanaceae	Solanum	NA
ASV_53	Viridiplantae	Streptophyta	Magnoliopsida	Fabales	Fabaceae	Ulex	NA
ASV_54	Viridiplantae	Streptophyta	Magnoliopsida	Fabales	Fabaceae	Trifolium	environmental/repens
ASV_55	Viridiplantae	Streptophyta	Magnoliopsida	Fabales	Fabaceae	Lotus	NA
ASV_56	Viridiplantae	Streptophyta	Magnoliopsida	Lamiales	Plantaginaceae	Plantago	NA
ASV_57	Viridiplantae	Streptophyta	Magnoliopsida	Lamiales	Lamiaceae	Lamium	NA
ASV_58	Viridiplantae	Streptophyta	Magnoliopsida	Rosales	Rosaceae	Crataegus	NA
ASV_59	Viridiplantae	Streptophyta	Magnoliopsida	Fabales	Fabaceae	Genista	NA
ASV_60	Viridiplantae	Streptophyta	Magnoliopsida	Fabales	Fabaceae	Ulex	NA
ASV_61	Viridiplantae	Streptophyta	Magnoliopsida	Fabales	Fabaceae	Lotus	NA
ASV_62	Viridiplantae	Streptophyta	Magnoliopsida	Fabales	Fabaceae	Lathyrus	NA
ASV_63	Viridiplantae	Streptophyta	Magnoliopsida	Lamiales	Lamiaceae	Prunella	NA
ASV_64	Viridiplantae	Streptophyta	Magnoliopsida	Malpighiales	Hypericaceae	Hypericum	NA
ASV_65	Viridiplantae	Streptophyta	Magnoliopsida	Fabales	Fabaceae	Lotus	NA
ASV_66	Viridiplantae	Streptophyta	Magnoliopsida	Malpighiales	Hypericaceae	Hypericum	NA
ASV_67	Viridiplantae	Streptophyta	Magnoliopsida	Fabales	Fabaceae	Lotus	NA
ASV_68	Viridiplantae	Streptophyta	Magnoliopsida	Fabales	Fabaceae	Lotus	NA
ASV_69	Viridiplantae	Streptophyta	Magnoliopsida	Fabales	Fabaceae	Ulex	NA
ASV_70	Viridiplantae	Streptophyta	Magnoliopsida	Lamiales	Plantaginaceae	Linaria	NA
ASV_71	Viridiplantae	Streptophyta	Magnoliopsida	Malpighiales	Hypericaceae	Hypericum	NA
ASV_72	Viridiplantae	Streptophyta	Magnoliopsida	Fabales	Fabaceae	Lotus	NA
ASV_73	Viridiplantae	Streptophyta	Magnoliopsida	Lamiales	Lamiaceae	Prunella	NA
ASV_74	Viridiplantae	Streptophyta	Magnoliopsida	Malpighiales	Violaceae	Viola	labradorica
ASV_75	Viridiplantae	Streptophyta	Magnoliopsida	Lamiales	Plantaginaceae	Linaria	NA
ASV_76	Viridiplantae	Streptophyta	Magnoliopsida	Lamiales	Lamiaceae	Lamium	NA
ASV_77	Viridiplantae	Streptophyta	Magnoliopsida	Fabales	Fabaceae	Lotus	NA
ASV_78	Viridiplantae	Streptophyta	Magnoliopsida	Fabales	Fabaceae	Trifolium	NA
ASV_79	Viridiplantae	Streptophyta	Magnoliopsida	Fabales	Fabaceae	Ulex	NA
ASV_80	Viridiplantae	Streptophyta	Magnoliopsida	Ranunculales	Ranunculaceae	Ranunculus	NA
ASV_81	Viridiplantae	Streptophyta	Magnoliopsida	Rosales	Rosaceae	Crataegus	monogyna
ASV_82	Viridiplantae	Streptophyta	Magnoliopsida	Fabales	Fabaceae	Lotus	NA
ASV_83	Viridiplantae	Streptophyta	Magnoliopsida	Boraginales	Boraginaceae	Echium	NA
ASV_84	Viridiplantae	Streptophyta	Magnoliopsida	Fabales	Fabaceae	Ulex	NA
ASV_85	Viridiplantae	Streptophyta	Magnoliopsida	Brassicales	Brassicaceae	Erysimum	NA
ASV_86	Viridiplantae	Streptophyta	Magnoliopsida	Lamiales	Plantaginaceae	Linaria	NA
ASV_87	Viridiplantae	Streptophyta	Magnoliopsida	Lamiales	Lamiaceae	Lamium	NA
ASV_88	Viridiplantae	Streptophyta	Magnoliopsida	Fabales	Fabaceae	Trifolium	NA
ASV_89	Viridiplantae	Streptophyta	Magnoliopsida	Fabales	Fabaceae	Lotus	pedunculatus
ASV_90	Viridiplantae	Streptophyta	Magnoliopsida	Fabales	Fabaceae	Vicia	NA
ASV_91	Viridiplantae	Streptophyta	Magnoliopsida	Fabales	Fabaceae	Lotus	tenuis
ASV_92	Viridiplantae	Streptophyta	Magnoliopsida	Fabales	Fabaceae	Ulex	NA
ASV_93	Viridiplantae	Streptophyta	Magnoliopsida	Poales	Poaceae	Zea	NA
ASV_94	Viridiplantae	Streptophyta	Magnoliopsida	Lamiales	Plantaginaceae	Linaria	NA
ASV_95	Viridiplantae	Streptophyta	Magnoliopsida	Fabales	Fabaceae	Lotus	NA
ASV_96	Viridiplantae	Streptophyta	Magnoliopsida	Lamiales	Orobanchaceae	Rhinanthus	NA
ASV_97	Viridiplantae	Streptophyta	Magnoliopsida	Rosales	Rosaceae	Crataegus	monogyna
ASV_98	Viridiplantae	Streptophyta	Magnoliopsida	Fabales	Fabaceae	Lotus	NA
ASV_99	Viridiplantae	Streptophyta	Magnoliopsida	Lamiales	Lamiaceae	Lamium	NA
ASV_100	Viridiplantae	Streptophyta	Magnoliopsida	Fabales	Fabaceae	Vicia	NA
ASV_101	Viridiplantae	Streptophyta	Magnoliopsida	Lamiales	Lamiaceae	Lamium	NA
ASV_102	Viridiplantae	Streptophyta	Magnoliopsida	Lamiales	Lamiaceae	Lamium	NA
ASV_103	Viridiplantae	Streptophyta	Magnoliopsida	Fabales	Fabaceae	Lotus	NA
ASV_104	Viridiplantae	Streptophyta	Magnoliopsida	Fabales	Fabaceae	Lotus	NA
ASV_105	Viridiplantae	Streptophyta	Magnoliopsida	Rosales	Rosaceae	Rubus	NA
ASV_106	Viridiplantae	Streptophyta	Magnoliopsida	Fabales	Fabaceae	Vicia	NA
ASV_107	Viridiplantae	Streptophyta	Magnoliopsida	Fabales	Fabaceae	Ulex	NA
ASV_108	Viridiplantae	Streptophyta	Magnoliopsida	Fabales	Fabaceae	Lotus	NA
ASV_109	Viridiplantae	Streptophyta	Magnoliopsida	Fabales	Fabaceae	Lotus	NA
ASV_110	Viridiplantae	Streptophyta	Magnoliopsida	Fabales	Fabaceae	Lotus	NA
ASV_111	Viridiplantae	Streptophyta	Magnoliopsida	Lamiales	Lamiaceae	Lamium	NA
ASV_112	Viridiplantae	Streptophyta	Magnoliopsida	Lamiales	Lamiaceae	Lamium	NA
ASV_113	Viridiplantae	Streptophyta	Magnoliopsida	Fabales	Fabaceae	Ulex	NA
ASV_114	Viridiplantae	Streptophyta	Magnoliopsida	Brassicales	Brassicaceae	Erysimum	NA
ASV_115	Viridiplantae	Streptophyta	Magnoliopsida	Lamiales	Lamiaceae	Teucrium	NA
ASV_116	Viridiplantae	Streptophyta	Magnoliopsida	Lamiales	Lamiaceae	Teucrium	NA
ASV_117	Viridiplantae	Streptophyta	Magnoliopsida	Fabales	Fabaceae	Lotus	NA
ASV_118	Viridiplantae	Streptophyta	Magnoliopsida	Lamiales	Lamiaceae	Lamium	NA
ASV_119	Viridiplantae	Streptophyta	Magnoliopsida	Fabales	Fabaceae	Lotus	NA
ASV_120	Viridiplantae	Streptophyta	Magnoliopsida	Fabales	Fabaceae	Lotus	NA
ASV_121	Viridiplantae	Streptophyta	Magnoliopsida	Ericales	Ericaceae	Erica	cinerea
ASV_122	Viridiplantae	Streptophyta	Magnoliopsida	Fabales	Fabaceae	Ulex	NA
ASV_123	Viridiplantae	Streptophyta	Magnoliopsida	Lamiales	Plantaginaceae	Linaria	NA
ASV_124	Viridiplantae	Streptophyta	Magnoliopsida	Fabales	Fabaceae	Ulex	NA
ASV_125	Viridiplantae	Streptophyta	Magnoliopsida	Lamiales	Plantaginaceae	Linaria	NA
ASV_126	Viridiplantae	Streptophyta	Magnoliopsida	Boraginales	Boraginaceae	Echium	NA
ASV_127	Viridiplantae	Streptophyta	Magnoliopsida	Fabales	Fabaceae	NA	NA
ASV_128	Viridiplantae	Streptophyta	Magnoliopsida	Fabales	Fabaceae	Lotus	NA
ASV_129	Viridiplantae	Streptophyta	Magnoliopsida	Lamiales	Lamiaceae	Lamium	NA
ASV_130	Viridiplantae	Streptophyta	Magnoliopsida	Fabales	Fabaceae	Lotus	NA
ASV_131	Viridiplantae	Streptophyta	Magnoliopsida	Fabales	Fabaceae	Lotus	NA
ASV_132	Viridiplantae	Streptophyta	Magnoliopsida	Lamiales	Orobanchaceae	Rhinanthus	NA
ASV_133	Viridiplantae	Streptophyta	Magnoliopsida	Boraginales	Boraginaceae	Echium	NA
ASV_134	Viridiplantae	Streptophyta	Magnoliopsida	Fabales	Fabaceae	Lotus	NA
ASV_135	Viridiplantae	Streptophyta	Magnoliopsida	Malvales	Cistaceae	Helianthemum	raskebdanae
ASV_136	Viridiplantae	Streptophyta	Magnoliopsida	Ranunculales	Ranunculaceae	Ranunculus	NA
ASV_137	Viridiplantae	Streptophyta	Magnoliopsida	Rosales	Rosaceae	Rubus	NA
ASV_138	Viridiplantae	Streptophyta	Magnoliopsida	Fabales	Fabaceae	Lotus	NA
ASV_139	Viridiplantae	Streptophyta	Magnoliopsida	Asterales	Asteraceae	Bellis	perennis
ASV_140	Viridiplantae	Streptophyta	Magnoliopsida	Asterales	Asteraceae	Cirsium	palustre
ASV_141	Viridiplantae	Streptophyta	Magnoliopsida	Malvales	Cistaceae	Helianthemum	NA
ASV_142	Viridiplantae	Streptophyta	Magnoliopsida	Poales	Poaceae	Zea	NA
ASV_143	Viridiplantae	Streptophyta	Magnoliopsida	Fabales	Fabaceae	Lotus	NA
ASV_144	Viridiplantae	Streptophyta	Magnoliopsida	Fabales	Fabaceae	Lotus	NA
ASV_145	Viridiplantae	Streptophyta	Magnoliopsida	Lamiales	Lamiaceae	Teucrium	NA
ASV_146	Viridiplantae	Streptophyta	Magnoliopsida	Fabales	Fabaceae	Lotus	NA
ASV_147	Viridiplantae	Streptophyta	Magnoliopsida	Lamiales	Lamiaceae	Lamium	NA
ASV_148	Viridiplantae	Streptophyta	Magnoliopsida	Lamiales	Plantaginaceae	Plantago	NA
ASV_149	Viridiplantae	Streptophyta	Magnoliopsida	Asterales	Asteraceae	Cirsium	NA
ASV_150	Viridiplantae	Streptophyta	Magnoliopsida	Poales	Poaceae	Zea	NA
ASV_151	Viridiplantae	Streptophyta	Magnoliopsida	Fabales	Fabaceae	Genista	NA
ASV_152	Viridiplantae	Streptophyta	Magnoliopsida	Lamiales	Plantaginaceae	Linaria	NA
ASV_153	Viridiplantae	Streptophyta	Magnoliopsida	Fabales	Fabaceae	Lotus	NA
ASV_154	Viridiplantae	Streptophyta	Magnoliopsida	Boraginales	Boraginaceae	Echium	NA
ASV_155	Viridiplantae	Streptophyta	Magnoliopsida	Fabales	Fabaceae	Ulex	NA
ASV_156	Viridiplantae	Streptophyta	Magnoliopsida	Fabales	Fabaceae	Lotus	NA
ASV_157	Viridiplantae	Streptophyta	Magnoliopsida	Fabales	Fabaceae	Lotus	NA
ASV_158	Viridiplantae	Streptophyta	Magnoliopsida	Lamiales	Orobanchaceae	Brandisia	NA
ASV_159	Viridiplantae	Streptophyta	Magnoliopsida	Fabales	Fabaceae	Lotus	NA
ASV_160	Viridiplantae	Streptophyta	Magnoliopsida	Lamiales	Plantaginaceae	Linaria	NA
ASV_161	Viridiplantae	Streptophyta	Magnoliopsida	Fabales	Fabaceae	Ulex	NA
ASV_162	Viridiplantae	Streptophyta	Magnoliopsida	Asterales	Asteraceae	Bellis	NA
ASV_163	Viridiplantae	Streptophyta	Magnoliopsida	Asterales	Asteraceae	Bellis	NA
ASV_164	Viridiplantae	Streptophyta	Magnoliopsida	Fabales	Fabaceae	Lotus	NA
ASV_165	Viridiplantae	Streptophyta	Magnoliopsida	Fabales	Fabaceae	Vicia	NA
ASV_166	Viridiplantae	Streptophyta	Magnoliopsida	Boraginales	Boraginaceae	Echium	NA
ASV_167	Viridiplantae	Streptophyta	Magnoliopsida	Lamiales	Lamiaceae	Lamium	NA
ASV_168	Viridiplantae	Streptophyta	Magnoliopsida	Boraginales	Boraginaceae	Echium	NA
ASV_169	Viridiplantae	Streptophyta	Magnoliopsida	Fabales	Fabaceae	Lotus	NA
ASV_170	Viridiplantae	Streptophyta	Magnoliopsida	Asterales	Asteraceae	Cirsium	NA
ASV_171	Viridiplantae	Streptophyta	Magnoliopsida	Ericales	Primulaceae	Anagallis	NA
ASV_172	Viridiplantae	Streptophyta	Magnoliopsida	Lamiales	Lamiaceae	Lamium	NA
ASV_173	Viridiplantae	Streptophyta	Magnoliopsida	Lamiales	NA	NA	NA
ASV_174	Viridiplantae	Streptophyta	Magnoliopsida	Ericales	Ericaceae	Erica	vagans
ASV_175	Viridiplantae	Streptophyta	Magnoliopsida	Asterales	Asteraceae	Cirsium	NA
ASV_176	Viridiplantae	Streptophyta	Magnoliopsida	Lamiales	Plantaginaceae	Linaria	NA
ASV_177	Viridiplantae	Streptophyta	Magnoliopsida	Fabales	Fabaceae	Lotus	NA
ASV_178	Viridiplantae	Streptophyta	Magnoliopsida	Asterales	Asteraceae	Cirsium	NA
ASV_179	Viridiplantae	Streptophyta	Magnoliopsida	Lamiales	Plantaginaceae	Linaria	NA
ASV_180	Viridiplantae	Streptophyta	Magnoliopsida	Asterales	Asteraceae	Cirsium	environmental
ASV_181	Viridiplantae	Streptophyta	Magnoliopsida	Fabales	Fabaceae	Ulex	NA
ASV_182	Viridiplantae	Streptophyta	Magnoliopsida	Fabales	Fabaceae	Anthyllis	NA
ASV_183	Viridiplantae	Streptophyta	Magnoliopsida	Lamiales	Plantaginaceae	Linaria	NA
ASV_184	Viridiplantae	Streptophyta	Magnoliopsida	Fabales	Fabaceae	Trifolium	repens
ASV_185	Viridiplantae	Streptophyta	Magnoliopsida	Malpighiales	Violaceae	Viola	NA
ASV_186	Viridiplantae	Streptophyta	Magnoliopsida	Brassicales	Brassicaceae	Erysimum	NA
ASV_187	Viridiplantae	Streptophyta	Magnoliopsida	Lamiales	Lamiaceae	Lamium	NA
ASV_188	Viridiplantae	Streptophyta	Magnoliopsida	Magnoliales	Magnoliaceae	Liriodendron	NA
ASV_189	Viridiplantae	Streptophyta	Magnoliopsida	Fabales	Fabaceae	Ulex	NA
ASV_190	Viridiplantae	Streptophyta	Magnoliopsida	Fabales	Fabaceae	Ulex	NA
ASV_191	Viridiplantae	Streptophyta	Magnoliopsida	Lamiales	Orobanchaceae	Rhinanthus	NA
ASV_192	Viridiplantae	Streptophyta	Magnoliopsida	Poales	Poaceae	Zea	NA
ASV_193	Viridiplantae	Streptophyta	Magnoliopsida	Fabales	Fabaceae	Genista	NA
ASV_194	Viridiplantae	Streptophyta	Magnoliopsida	Lamiales	Plantaginaceae	Linaria	NA
ASV_195	Viridiplantae	Streptophyta	Magnoliopsida	Fabales	Fabaceae	Lotus	NA
ASV_196	Viridiplantae	Streptophyta	Magnoliopsida	Fabales	Fabaceae	Ulex	NA
ASV_197	Viridiplantae	Streptophyta	Magnoliopsida	Fabales	Fabaceae	Ulex	NA
ASV_198	Viridiplantae	Streptophyta	Magnoliopsida	Lamiales	Plantaginaceae	Digitalis	mariana/purpurea/thapsi
ASV_199	Viridiplantae	Streptophyta	Magnoliopsida	Fabales	Fabaceae	Vicia	NA
ASV_200	Viridiplantae	Streptophyta	Magnoliopsida	Malpighiales	Violaceae	Viola	NA
ASV_201	Viridiplantae	Streptophyta	Magnoliopsida	Ranunculales	Ranunculaceae	Ranunculus	NA
ASV_202	Viridiplantae	Streptophyta	Magnoliopsida	Lamiales	Plantaginaceae	Plantago	environmental/lanceolata/leiopetala
ASV_203	Viridiplantae	Streptophyta	Magnoliopsida	Fabales	Fabaceae	Anthyllis	NA
ASV_204	Viridiplantae	Streptophyta	Magnoliopsida	Malvales	Cistaceae	Helianthemum	asperum
ASV_205	Viridiplantae	Streptophyta	Magnoliopsida	Boraginales	Boraginaceae	Pulmonaria	longifolia
ASV_206	Viridiplantae	Streptophyta	Magnoliopsida	Malvales	Cistaceae	Helianthemum	NA
ASV_207	Viridiplantae	Streptophyta	Magnoliopsida	Ericales	Ericaceae	Daboecia	NA
ASV_208	Viridiplantae	Streptophyta	Magnoliopsida	Fabales	Fabaceae	Trifolium	NA
ASV_209	Viridiplantae	Streptophyta	Magnoliopsida	Asterales	Asteraceae	Cirsium	NA
ASV_210	Viridiplantae	Streptophyta	Magnoliopsida	Lamiales	Lamiaceae	Teucrium	NA
ASV_211	Viridiplantae	Streptophyta	Magnoliopsida	Asterales	Asteraceae	Cirsium	NA
ASV_212	Viridiplantae	Streptophyta	Magnoliopsida	Fabales	Fabaceae	Ulex	NA
ASV_213	Viridiplantae	Streptophyta	Magnoliopsida	Malvales	Cistaceae	Helianthemum	NA
ASV_214	Viridiplantae	Streptophyta	Magnoliopsida	Asterales	Asteraceae	Bellis	perennis
ASV_215	Viridiplantae	Streptophyta	Magnoliopsida	Asterales	Asteraceae	Cirsium	NA
ASV_216	Viridiplantae	Streptophyta	Magnoliopsida	Asterales	Asteraceae	Hypochaeris	NA
ASV_217	Viridiplantae	Streptophyta	Magnoliopsida	NA	NA	NA	NA
ASV_218	Viridiplantae	Streptophyta	Magnoliopsida	Fabales	Fabaceae	Ulex	NA
ASV_219	Viridiplantae	Streptophyta	Magnoliopsida	Fabales	Fabaceae	Ulex	NA
ASV_220	Viridiplantae	Streptophyta	Magnoliopsida	Ranunculales	Ranunculaceae	Ranunculus	NA
ASV_221	Viridiplantae	Streptophyta	Magnoliopsida	Asterales	Asteraceae	Cirsium	NA
ASV_222	Viridiplantae	Streptophyta	Magnoliopsida	Fabales	Fabaceae	Lotus	NA
ASV_223	Viridiplantae	Streptophyta	Magnoliopsida	Lamiales	Lamiaceae	Lamium	NA
ASV_224	Viridiplantae	Streptophyta	Magnoliopsida	Asterales	Asteraceae	Cirsium	vulgare
ASV_225	Viridiplantae	Streptophyta	Magnoliopsida	Lamiales	Lamiaceae	Lamium	NA
ASV_226	Viridiplantae	Streptophyta	Magnoliopsida	Lamiales	Orobanchaceae	Rhinanthus	NA
ASV_227	Viridiplantae	Streptophyta	Magnoliopsida	Asterales	Asteraceae	Carduus	NA
ASV_228	Viridiplantae	Streptophyta	Magnoliopsida	Ranunculales	Ranunculaceae	Ranunculus	NA
ASV_229	Viridiplantae	Streptophyta	Magnoliopsida	Lamiales	Lamiaceae	Lamium	NA
ASV_230	Viridiplantae	Streptophyta	Magnoliopsida	Ericales	Primulaceae	Anagallis	NA
ASV_231	Viridiplantae	Streptophyta	Magnoliopsida	Lamiales	Plantaginaceae	Linaria	NA
ASV_232	Viridiplantae	Streptophyta	Magnoliopsida	Lamiales	Lamiaceae	Teucrium	NA
ASV_233	Viridiplantae	Streptophyta	Magnoliopsida	Fabales	Fabaceae	Lotus	NA
ASV_234	Viridiplantae	Streptophyta	Magnoliopsida	Fabales	Fabaceae	Lotus	NA
ASV_235	Viridiplantae	Streptophyta	Magnoliopsida	Fabales	Fabaceae	Lotus	NA
ASV_236	Viridiplantae	Streptophyta	Magnoliopsida	Fabales	Fabaceae	Ulex	NA
ASV_237	Viridiplantae	Streptophyta	Magnoliopsida	Fabales	Fabaceae	Lotus	NA
ASV_238	Viridiplantae	Streptophyta	Magnoliopsida	Fabales	Fabaceae	Lotus	NA
ASV_239	Viridiplantae	Streptophyta	Magnoliopsida	Fabales	Fabaceae	Lathyrus	NA
ASV_240	Viridiplantae	Streptophyta	Magnoliopsida	Fabales	Fabaceae	Lotus	NA
ASV_241	Viridiplantae	Streptophyta	Magnoliopsida	Fabales	Fabaceae	Lotus	NA
ASV_242	Viridiplantae	Streptophyta	Magnoliopsida	Boraginales	Boraginaceae	Echium	NA
ASV_243	Viridiplantae	Streptophyta	Magnoliopsida	Rosales	Rosaceae	Crataegus	NA
ASV_244	Viridiplantae	Streptophyta	Magnoliopsida	Fabales	Fabaceae	Ulex	NA
ASV_245	Viridiplantae	Streptophyta	Magnoliopsida	Fabales	Fabaceae	Trifolium	NA
ASV_246	Viridiplantae	Streptophyta	Magnoliopsida	Fabales	Fabaceae	Lotus	NA
ASV_247	Viridiplantae	Streptophyta	Magnoliopsida	Lamiales	Plantaginaceae	Linaria	NA
ASV_248	Viridiplantae	Streptophyta	Magnoliopsida	Ranunculales	Ranunculaceae	Ranunculus	NA
ASV_249	Viridiplantae	Streptophyta	Magnoliopsida	Fabales	Fabaceae	Ulex	NA
ASV_250	Viridiplantae	Streptophyta	Magnoliopsida	Fabales	Fabaceae	Lotus	NA
ASV_251	Viridiplantae	Streptophyta	Magnoliopsida	Lamiales	Lamiaceae	Teucrium	NA
ASV_252	Viridiplantae	Streptophyta	Magnoliopsida	Fabales	Fabaceae	Lotus	NA
ASV_253	Viridiplantae	Streptophyta	Magnoliopsida	Fabales	Fabaceae	Lotus	NA
ASV_254	Viridiplantae	Streptophyta	Magnoliopsida	Ranunculales	Ranunculaceae	Ranunculus	bulbosus/repens/sardous
ASV_255	Viridiplantae	Streptophyta	Magnoliopsida	Lamiales	Orobanchaceae	Rhinanthus	NA
ASV_256	Viridiplantae	Streptophyta	Magnoliopsida	Lamiales	Plantaginaceae	Plantago	NA
ASV_257	Viridiplantae	Streptophyta	Magnoliopsida	Ericales	Ericaceae	Vaccinium	NA
ASV_258	Viridiplantae	Streptophyta	Magnoliopsida	Lamiales	Lamiaceae	Lamium	NA
ASV_259	Viridiplantae	Streptophyta	Magnoliopsida	Asterales	Asteraceae	Cirsium	NA
ASV_260	Viridiplantae	Streptophyta	Magnoliopsida	Fabales	Fabaceae	Ulex	NA
ASV_261	Viridiplantae	Streptophyta	Magnoliopsida	Fabales	Fabaceae	Lotus	NA
ASV_262	Viridiplantae	Streptophyta	Magnoliopsida	Rosales	Rosaceae	Rosa	NA
ASV_263	Viridiplantae	Streptophyta	Magnoliopsida	Fabales	Fabaceae	Lotus	NA
ASV_264	Viridiplantae	Streptophyta	Magnoliopsida	Fabales	Fabaceae	Trifolium	NA
ASV_265	Viridiplantae	Streptophyta	Magnoliopsida	Lamiales	Lamiaceae	Teucrium	NA
ASV_266	Viridiplantae	Streptophyta	Magnoliopsida	Fabales	Fabaceae	Lotus	NA
ASV_267	Viridiplantae	Streptophyta	Magnoliopsida	Saxifragales	Crassulaceae	Sedum	NA
ASV_268	Viridiplantae	Streptophyta	Magnoliopsida	Lamiales	Plantaginaceae	Erinus	NA
ASV_269	Viridiplantae	Streptophyta	Magnoliopsida	Rosales	Rosaceae	Potentilla	erecta
ASV_270	Viridiplantae	Streptophyta	Magnoliopsida	Lamiales	Lamiaceae	Lamium	NA
ASV_271	Viridiplantae	Streptophyta	Magnoliopsida	Fabales	Fabaceae	Anthyllis	NA
ASV_272	Viridiplantae	Streptophyta	Magnoliopsida	Asterales	Asteraceae	Bellis	NA
ASV_273	Viridiplantae	Streptophyta	Magnoliopsida	Fabales	Fabaceae	Hippocrepis	NA
ASV_274	Viridiplantae	Streptophyta	Magnoliopsida	Fabales	Fabaceae	Lotus	NA
ASV_275	Viridiplantae	Streptophyta	Magnoliopsida	Fabales	Fabaceae	Lotus	NA
ASV_276	Viridiplantae	Streptophyta	Magnoliopsida	Fabales	Fabaceae	Lotus	NA
ASV_277	Viridiplantae	Streptophyta	Magnoliopsida	Fabales	Fabaceae	Ulex	NA
ASV_278	Viridiplantae	Streptophyta	Magnoliopsida	Poales	Poaceae	Saccharum	officinarum
ASV_279	Viridiplantae	Streptophyta	Magnoliopsida	Lamiales	Lamiaceae	Lamium	NA
ASV_280	Viridiplantae	Streptophyta	Magnoliopsida	Lamiales	Orobanchaceae	Rhinanthus	NA
ASV_281	Viridiplantae	Streptophyta	Magnoliopsida	Fabales	Fabaceae	Genista	NA
ASV_282	Viridiplantae	Streptophyta	Magnoliopsida	Geraniales	Geraniaceae	Geranium	NA
ASV_283	Viridiplantae	Streptophyta	Magnoliopsida	Fabales	Fabaceae	Lotus	NA
ASV_284	Viridiplantae	Streptophyta	Magnoliopsida	Fabales	Fabaceae	Lotus	NA
ASV_285	Viridiplantae	Streptophyta	Magnoliopsida	Lamiales	Plantaginaceae	Linaria	NA
ASV_286	Viridiplantae	Streptophyta	Magnoliopsida	Lamiales	Plantaginaceae	Linaria	NA
ASV_287	Viridiplantae	Streptophyta	Magnoliopsida	Asterales	Asteraceae	Cirsium	NA
ASV_288	Viridiplantae	Streptophyta	Magnoliopsida	Ericales	Primulaceae	Primula	NA
ASV_289	Viridiplantae	Streptophyta	Magnoliopsida	Ranunculales	Ranunculaceae	Ranunculus	NA
ASV_290	Viridiplantae	Streptophyta	Magnoliopsida	Caryophyllales	Chenopodiaceae	Kali	NA
ASV_291	Viridiplantae	Streptophyta	Magnoliopsida	Fabales	Fabaceae	Lathyrus	NA
ASV_292	Viridiplantae	Streptophyta	Magnoliopsida	Lamiales	Plantaginaceae	Linaria	NA
ASV_293	Viridiplantae	Streptophyta	Magnoliopsida	Fabales	Fabaceae	Lathyrus	NA
ASV_294	Viridiplantae	Streptophyta	Magnoliopsida	Asterales	Asteraceae	Carduus	NA
ASV_295	Viridiplantae	Streptophyta	Magnoliopsida	Fabales	Fabaceae	Lotus	NA
ASV_296	Viridiplantae	Streptophyta	Magnoliopsida	Fabales	Fabaceae	Lotus	NA
ASV_297	Viridiplantae	Streptophyta	Magnoliopsida	Fabales	Fabaceae	Lotus	NA
ASV_298	Viridiplantae	Streptophyta	Magnoliopsida	Fabales	Fabaceae	Lotus	NA
ASV_299	Viridiplantae	Streptophyta	Magnoliopsida	Fabales	Fabaceae	Lotus	NA
ASV_300	Viridiplantae	Streptophyta	Magnoliopsida	Fabales	Fabaceae	Lotus	NA
ASV_301	Viridiplantae	Streptophyta	Magnoliopsida	Fabales	Fabaceae	Trifolium	NA
ASV_302	Viridiplantae	Streptophyta	Magnoliopsida	Lamiales	Lamiaceae	Teucrium	NA
ASV_303	Viridiplantae	Streptophyta	Magnoliopsida	Ericales	Primulaceae	Primula	NA
ASV_304	Viridiplantae	Streptophyta	Magnoliopsida	Fabales	Fabaceae	Lotus	NA
ASV_305	Viridiplantae	Streptophyta	Magnoliopsida	Fabales	Fabaceae	Lotus	NA
ASV_306	Viridiplantae	Streptophyta	Magnoliopsida	Lamiales	Lamiaceae	Thymus	marschallianus
ASV_307	Viridiplantae	Streptophyta	Magnoliopsida	Ranunculales	Ranunculaceae	Ranunculus	NA
ASV_308	Viridiplantae	Streptophyta	Magnoliopsida	Boraginales	Boraginaceae	Pulmonaria	NA
ASV_309	Viridiplantae	Streptophyta	Magnoliopsida	Geraniales	Geraniaceae	Geranium	NA
ASV_310	Viridiplantae	Streptophyta	Magnoliopsida	Fabales	Fabaceae	Ulex	NA
ASV_311	Viridiplantae	Streptophyta	Magnoliopsida	Ranunculales	Ranunculaceae	Ranunculus	NA
ASV_312	Viridiplantae	Streptophyta	Magnoliopsida	Fabales	Fabaceae	Ulex	NA
ASV_313	Viridiplantae	Streptophyta	Magnoliopsida	Asterales	Asteraceae	Pilosella	NA
ASV_314	Viridiplantae	Streptophyta	Magnoliopsida	Fabales	Fabaceae	Lotus	NA
ASV_315	Viridiplantae	Streptophyta	Magnoliopsida	Asterales	Asteraceae	Cirsium	NA
ASV_316	Viridiplantae	Streptophyta	Magnoliopsida	Rosales	Rosaceae	Crataegus	NA
ASV_317	Viridiplantae	Streptophyta	Magnoliopsida	Malvales	Cistaceae	Helianthemum	violaceum
ASV_318	Viridiplantae	Streptophyta	Magnoliopsida	Fabales	Fabaceae	Lotus	NA
ASV_319	Viridiplantae	Streptophyta	Magnoliopsida	Ranunculales	Ranunculaceae	Ranunculus	NA
ASV_320	Viridiplantae	Streptophyta	Magnoliopsida	Rosales	Rosaceae	Crataegus	NA
ASV_321	Viridiplantae	Streptophyta	Magnoliopsida	Boraginales	Boraginaceae	Myosotis	NA
ASV_322	Viridiplantae	Streptophyta	Magnoliopsida	Fabales	Fabaceae	Lotus	NA
ASV_323	Viridiplantae	Streptophyta	Magnoliopsida	Ranunculales	Ranunculaceae	Ranunculus	NA
ASV_324	Viridiplantae	Streptophyta	Magnoliopsida	Fabales	Fabaceae	Anthyllis	NA
ASV_325	Viridiplantae	Streptophyta	Magnoliopsida	Fabales	Fabaceae	Lotus	NA
ASV_326	Viridiplantae	Streptophyta	Magnoliopsida	Fabales	Fabaceae	Vicia	NA
ASV_327	Viridiplantae	Streptophyta	Magnoliopsida	Lamiales	Lamiaceae	Ajuga	NA
ASV_328	Viridiplantae	Streptophyta	Magnoliopsida	Lamiales	Lamiaceae	Lamium	NA
ASV_329	Viridiplantae	Streptophyta	Magnoliopsida	Saxifragales	Crassulaceae	NA	NA
ASV_330	Viridiplantae	Streptophyta	Magnoliopsida	Asterales	Asteraceae	Cirsium	NA
ASV_331	Viridiplantae	Streptophyta	Magnoliopsida	Asterales	Asteraceae	Cirsium	NA
ASV_332	Viridiplantae	Streptophyta	Magnoliopsida	Lamiales	Lamiaceae	Teucrium	NA
ASV_333	Viridiplantae	Streptophyta	Magnoliopsida	Fabales	Fabaceae	Lotus	NA
ASV_334	Viridiplantae	Streptophyta	Magnoliopsida	Rosales	Rosaceae	Rubus	NA
ASV_335	Viridiplantae	Streptophyta	Magnoliopsida	Boraginales	Boraginaceae	Echium	NA
ASV_336	Viridiplantae	Streptophyta	Magnoliopsida	Fabales	Fabaceae	Ulex	NA
ASV_337	Viridiplantae	Streptophyta	Magnoliopsida	Fabales	Fabaceae	Lotus	NA
ASV_338	Viridiplantae	Streptophyta	Magnoliopsida	Ericales	Ericaceae	Erica	NA
ASV_339	Viridiplantae	Streptophyta	Magnoliopsida	Lamiales	Lamiaceae	Teucrium	NA
ASV_340	Viridiplantae	Streptophyta	Magnoliopsida	Fabales	Fabaceae	Lotus	NA
ASV_341	Viridiplantae	Streptophyta	Magnoliopsida	Lamiales	Plantaginaceae	Linaria	NA
ASV_342	Viridiplantae	Streptophyta	Magnoliopsida	Asterales	Asteraceae	Cirsium	NA
ASV_343	Viridiplantae	Streptophyta	Magnoliopsida	Lamiales	Paulowniaceae	Paulownia	coreana
ASV_344	Viridiplantae	Streptophyta	Magnoliopsida	Lamiales	Plantaginaceae	Linaria	NA
ASV_345	Viridiplantae	Streptophyta	Magnoliopsida	Fabales	Fabaceae	Lotus	NA
ASV_346	Viridiplantae	Streptophyta	Magnoliopsida	Boraginales	Boraginaceae	Myosotis	NA
ASV_347	Viridiplantae	Streptophyta	Magnoliopsida	Lamiales	Plantaginaceae	Linaria	NA
ASV_348	Viridiplantae	Streptophyta	Magnoliopsida	Fabales	Fabaceae	Anthyllis	NA
ASV_349	Viridiplantae	Streptophyta	Magnoliopsida	Fabales	Fabaceae	Lotus	NA
ASV_350	Viridiplantae	Streptophyta	Magnoliopsida	Lamiales	Lamiaceae	Clinopodium	NA
ASV_351	Viridiplantae	Streptophyta	Magnoliopsida	Boraginales	Boraginaceae	Myosotis	NA
ASV_352	Viridiplantae	Streptophyta	Magnoliopsida	Fabales	Fabaceae	Lotus	NA
ASV_353	Viridiplantae	Streptophyta	Magnoliopsida	Lamiales	Orobanchaceae	Rhinanthus	NA
ASV_354	Viridiplantae	Streptophyta	Magnoliopsida	Fabales	Fabaceae	Lotus	NA
ASV_355	Viridiplantae	Streptophyta	Magnoliopsida	Asterales	Asteraceae	Cirsium	NA
ASV_356	Viridiplantae	Streptophyta	Magnoliopsida	Lamiales	Lamiaceae	Lamium	NA
ASV_357	Viridiplantae	Streptophyta	Magnoliopsida	Fabales	Fabaceae	Lotus	NA
ASV_358	Viridiplantae	Streptophyta	Magnoliopsida	Fabales	Fabaceae	Lotus	NA
ASV_359	Viridiplantae	Streptophyta	Magnoliopsida	Fabales	Fabaceae	Lotus	NA
ASV_360	Viridiplantae	Streptophyta	Magnoliopsida	Lamiales	Orobanchaceae	Pedicularis	NA
ASV_361	Viridiplantae	Streptophyta	Magnoliopsida	Fabales	Fabaceae	Lotus	NA
ASV_362	Viridiplantae	Streptophyta	Magnoliopsida	Fabales	Fabaceae	Lotus	NA
ASV_363	Viridiplantae	Streptophyta	Magnoliopsida	Boraginales	Boraginaceae	Echium	NA
ASV_364	Viridiplantae	Streptophyta	Magnoliopsida	Fabales	Fabaceae	Genista	NA
ASV_365	Viridiplantae	Streptophyta	Magnoliopsida	Ericales	Ericaceae	Calluna	vulgaris
ASV_366	Viridiplantae	Streptophyta	Magnoliopsida	Fabales	Fabaceae	Lotus	NA
ASV_367	Viridiplantae	Streptophyta	Magnoliopsida	Lamiales	Lamiaceae	Lamium	NA
ASV_368	Viridiplantae	Streptophyta	Magnoliopsida	Fabales	Fabaceae	Ulex	NA
ASV_369	Viridiplantae	Streptophyta	Magnoliopsida	Fabales	Fabaceae	Lotus	NA
ASV_370	Viridiplantae	Streptophyta	Magnoliopsida	Rosales	Rosaceae	Crataegus	NA
ASV_371	Viridiplantae	Streptophyta	Magnoliopsida	Fabales	Fabaceae	Lotus	NA
ASV_372	Viridiplantae	Streptophyta	Magnoliopsida	Fabales	Fabaceae	Lotus	NA
ASV_373	Viridiplantae	Streptophyta	Magnoliopsida	Fabales	Fabaceae	Lotus	NA
ASV_374	Viridiplantae	Streptophyta	Magnoliopsida	Asterales	Asteraceae	Cirsium	NA
ASV_375	Viridiplantae	Streptophyta	Magnoliopsida	Malpighiales	Violaceae	Viola	NA
ASV_376	Viridiplantae	Streptophyta	Magnoliopsida	Rosales	Urticaceae	Urtica	dioica
ASV_377	Viridiplantae	Streptophyta	Magnoliopsida	Fabales	Fabaceae	Ulex	NA
ASV_378	Viridiplantae	Streptophyta	Magnoliopsida	Lamiales	Lamiaceae	Sideritis	NA
ASV_379	Viridiplantae	Streptophyta	Magnoliopsida	Asterales	Asteraceae	Bellis	NA
ASV_380	Viridiplantae	Streptophyta	Magnoliopsida	Asterales	Asteraceae	Cirsium	NA
ASV_381	Viridiplantae	Streptophyta	Magnoliopsida	Fabales	Fabaceae	Lotus	NA
ASV_382	Viridiplantae	Streptophyta	Magnoliopsida	Asterales	Asteraceae	Cirsium	NA
ASV_383	Viridiplantae	Streptophyta	Magnoliopsida	Fabales	Fabaceae	Lotus	NA
ASV_384	Viridiplantae	Streptophyta	Magnoliopsida	Fabales	Fabaceae	Lotus	NA
ASV_385	Viridiplantae	Streptophyta	Magnoliopsida	Apiales	Apiaceae	Eryngium	NA
ASV_386	Viridiplantae	Streptophyta	Magnoliopsida	Asterales	Asteraceae	Cirsium	NA
ASV_387	Viridiplantae	Streptophyta	Magnoliopsida	Lamiales	Plantaginaceae	Plantago	NA
ASV_388	Viridiplantae	Streptophyta	Magnoliopsida	Asterales	Asteraceae	Taraxacum	NA
ASV_389	Viridiplantae	Streptophyta	Magnoliopsida	Fabales	Fabaceae	Lotus	NA
ASV_390	Viridiplantae	Streptophyta	Magnoliopsida	Fabales	Fabaceae	Ulex	NA
ASV_391	Viridiplantae	Streptophyta	Magnoliopsida	Fabales	Fabaceae	Lotus	NA
ASV_392	Viridiplantae	Streptophyta	Magnoliopsida	Lamiales	Orobanchaceae	Rhinanthus	NA
ASV_393	Viridiplantae	Streptophyta	Magnoliopsida	Lamiales	Plantaginaceae	Linaria	NA
ASV_394	Viridiplantae	Streptophyta	Magnoliopsida	Fabales	Fabaceae	Lotus	NA
ASV_395	Viridiplantae	Streptophyta	Magnoliopsida	Fabales	Fabaceae	Lathyrus	NA
ASV_396	Viridiplantae	Streptophyta	Magnoliopsida	Fabales	Fabaceae	Genista	NA
ASV_397	Viridiplantae	Streptophyta	Magnoliopsida	Fabales	Fabaceae	Trifolium	NA
ASV_398	Viridiplantae	Streptophyta	Magnoliopsida	Rosales	Rosaceae	Crataegus	NA
ASV_399	Viridiplantae	Streptophyta	Magnoliopsida	Malvales	Cistaceae	Helianthemum	NA
ASV_400	Viridiplantae	Streptophyta	Magnoliopsida	Fabales	Fabaceae	NA	NA
ASV_401	Viridiplantae	Streptophyta	Magnoliopsida	Fabales	Fabaceae	Lotus	NA
ASV_402	Viridiplantae	Streptophyta	Magnoliopsida	Lamiales	Lamiaceae	Lamium	NA
ASV_403	Viridiplantae	Streptophyta	Magnoliopsida	Lamiales	Lamiaceae	Lamium	NA
ASV_404	Viridiplantae	Streptophyta	Magnoliopsida	Ericales	Ericaceae	Erica	NA
ASV_405	Viridiplantae	Streptophyta	Magnoliopsida	Fabales	Fabaceae	Ulex	NA
ASV_406	Viridiplantae	Streptophyta	Magnoliopsida	Rosales	Rosaceae	Rosa	NA
ASV_407	Viridiplantae	Streptophyta	Magnoliopsida	Lamiales	Orobanchaceae	Pedicularis	NA
ASV_408	Viridiplantae	Streptophyta	Magnoliopsida	Ericales	Primulaceae	Primula	NA
ASV_409	Viridiplantae	Streptophyta	Magnoliopsida	Rosales	Rosaceae	Rubus	NA
ASV_410	Viridiplantae	Streptophyta	Magnoliopsida	Fabales	Fabaceae	Genista	NA
ASV_411	Viridiplantae	Streptophyta	Magnoliopsida	Fabales	Fabaceae	Lotus	NA
ASV_412	Viridiplantae	Streptophyta	Magnoliopsida	Saxifragales	Crassulaceae	Sedum	NA
ASV_413	Viridiplantae	Streptophyta	Magnoliopsida	Boraginales	Boraginaceae	Echium	NA
ASV_414	Viridiplantae	Streptophyta	Magnoliopsida	Boraginales	Boraginaceae	Echium	NA
ASV_415	Viridiplantae	Streptophyta	Magnoliopsida	Rosales	Rosaceae	Crataegus	NA
ASV_416	Viridiplantae	Streptophyta	Magnoliopsida	Fabales	Fabaceae	Anthyllis	NA
ASV_417	Viridiplantae	Streptophyta	Magnoliopsida	Lamiales	Lamiaceae	Teucrium	NA
ASV_418	Viridiplantae	Streptophyta	Magnoliopsida	Lamiales	Lamiaceae	Lamium	NA
ASV_419	Viridiplantae	Streptophyta	Magnoliopsida	Lamiales	Lamiaceae	Teucrium	NA
ASV_420	Viridiplantae	Streptophyta	Magnoliopsida	Boraginales	Boraginaceae	Echium	NA
ASV_421	Viridiplantae	Streptophyta	Magnoliopsida	Lamiales	Plantaginaceae	Linaria	NA
ASV_422	Viridiplantae	Streptophyta	Magnoliopsida	Rosales	Rosaceae	Rubus	NA
ASV_423	Viridiplantae	Streptophyta	Magnoliopsida	Fabales	Fabaceae	Lotus	NA
ASV_424	Viridiplantae	Streptophyta	Magnoliopsida	Lamiales	Lamiaceae	Lamium	NA
ASV_425	Viridiplantae	Streptophyta	Magnoliopsida	Fabales	Fabaceae	Vicia	NA
ASV_426	Viridiplantae	Streptophyta	Magnoliopsida	Fabales	Fabaceae	Lathyrus	NA
ASV_427	Viridiplantae	Streptophyta	Magnoliopsida	Fabales	Fabaceae	Lotus	NA
ASV_428	Viridiplantae	Streptophyta	Magnoliopsida	Lamiales	Lamiaceae	Teucrium	NA
ASV_429	Viridiplantae	Streptophyta	Magnoliopsida	Fabales	Fabaceae	Trifolium	NA
ASV_430	Viridiplantae	Streptophyta	Magnoliopsida	Malvales	Cistaceae	Helianthemum	NA
ASV_431	Viridiplantae	Streptophyta	Magnoliopsida	Lamiales	Plantaginaceae	Linaria	NA
ASV_432	Viridiplantae	Streptophyta	Magnoliopsida	Fabales	Fabaceae	Trifolium	NA
ASV_433	Viridiplantae	Streptophyta	Magnoliopsida	Lamiales	Orobanchaceae	Rhinanthus	NA
ASV_434	Viridiplantae	Streptophyta	Magnoliopsida	Fabales	Fabaceae	Lathyrus	NA
ASV_435	Viridiplantae	Streptophyta	Magnoliopsida	Lamiales	Orobanchaceae	Rhinanthus	NA
ASV_436	Viridiplantae	Streptophyta	Magnoliopsida	Ericales	Primulaceae	Anagallis	NA
ASV_437	Viridiplantae	Streptophyta	Magnoliopsida	Fabales	Fabaceae	Lotus	NA
ASV_438	Viridiplantae	Streptophyta	Magnoliopsida	Fabales	Fabaceae	Vicia	NA
ASV_439	Viridiplantae	Streptophyta	Magnoliopsida	Boraginales	Boraginaceae	Echium	NA
ASV_440	Viridiplantae	Streptophyta	Magnoliopsida	Fabales	Fabaceae	Lathyrus	NA
ASV_441	Viridiplantae	Streptophyta	Magnoliopsida	Fabales	Fabaceae	Lotus	NA
ASV_442	Viridiplantae	Streptophyta	Magnoliopsida	Fabales	Fabaceae	Lathyrus	NA
ASV_443	Viridiplantae	Streptophyta	Magnoliopsida	Fabales	Fabaceae	Ulex	NA
ASV_444	Viridiplantae	Streptophyta	Magnoliopsida	Fabales	Fabaceae	Ulex	NA
ASV_445	Viridiplantae	Streptophyta	Magnoliopsida	Fabales	Fabaceae	Lotus	NA
ASV_446	Viridiplantae	Streptophyta	Magnoliopsida	Ericales	Ericaceae	Daboecia	NA
ASV_447	Viridiplantae	Streptophyta	Magnoliopsida	Asterales	Asteraceae	Cirsium	NA
ASV_448	Viridiplantae	Streptophyta	Magnoliopsida	Fabales	Fabaceae	Ulex	NA
ASV_449	Viridiplantae	Streptophyta	Magnoliopsida	Fabales	Fabaceae	Lotus	NA
ASV_450	Viridiplantae	Streptophyta	Magnoliopsida	Fabales	Fabaceae	Trifolium	NA
ASV_451	Viridiplantae	Streptophyta	Magnoliopsida	Boraginales	Boraginaceae	Echium	NA
ASV_452	Viridiplantae	Streptophyta	Magnoliopsida	Lamiales	Lamiaceae	Lamium	NA
ASV_453	Viridiplantae	Streptophyta	Magnoliopsida	Ericales	Primulaceae	Anagallis	NA
ASV_454	Viridiplantae	Streptophyta	Magnoliopsida	Ericales	Ericaceae	Vaccinium	caespitosum/ovatum/parvifolium
ASV_455	Viridiplantae	Streptophyta	Magnoliopsida	Lamiales	Plantaginaceae	Erinus	NA
ASV_456	Viridiplantae	Streptophyta	Magnoliopsida	Fabales	Fabaceae	Ulex	NA
ASV_457	Viridiplantae	Streptophyta	Magnoliopsida	Lamiales	Plantaginaceae	Plantago	NA
ASV_458	Viridiplantae	Streptophyta	Magnoliopsida	Fabales	Fabaceae	Lotus	NA
ASV_459	Viridiplantae	Streptophyta	Magnoliopsida	Fabales	Fabaceae	Trifolium	NA
ASV_460	Viridiplantae	Streptophyta	Magnoliopsida	Fabales	Fabaceae	Vicia	NA
ASV_461	Viridiplantae	Streptophyta	Magnoliopsida	Fabales	Fabaceae	Lotus	NA
ASV_462	Viridiplantae	Streptophyta	Magnoliopsida	Rosales	Rosaceae	Crataegus	NA
ASV_463	Viridiplantae	Streptophyta	Magnoliopsida	Asterales	Asteraceae	Cirsium	NA
ASV_464	Viridiplantae	Streptophyta	Magnoliopsida	Fabales	Fabaceae	Trifolium	NA
ASV_465	Viridiplantae	Streptophyta	Magnoliopsida	Rosales	Rosaceae	Crataegus	NA
ASV_466	Viridiplantae	Streptophyta	Magnoliopsida	Fabales	Fabaceae	Genista	NA
ASV_467	Viridiplantae	Streptophyta	Magnoliopsida	Lamiales	Plantaginaceae	Linaria	NA
ASV_468	Viridiplantae	Streptophyta	Magnoliopsida	Poales	Poaceae	Saccharum	NA
ASV_469	Viridiplantae	Streptophyta	Magnoliopsida	Ericales	Ericaceae	Daboecia	NA
ASV_470	Viridiplantae	Streptophyta	Magnoliopsida	Malvales	Malvaceae	Tilia	NA
ASV_471	Viridiplantae	Streptophyta	Magnoliopsida	Malvales	Cistaceae	Helianthemum	NA
ASV_472	Viridiplantae	Streptophyta	Magnoliopsida	Asterales	Asteraceae	Cirsium	NA
ASV_473	Viridiplantae	Streptophyta	Magnoliopsida	Lamiales	Lamiaceae	Lamium	NA
ASV_474	Viridiplantae	Streptophyta	Magnoliopsida	Fabales	Fabaceae	Lotus	NA
ASV_475	Viridiplantae	Streptophyta	Magnoliopsida	Fabales	Fabaceae	Ulex	NA
ASV_476	Viridiplantae	Streptophyta	Magnoliopsida	Rosales	Rosaceae	Rosa	NA
ASV_477	Viridiplantae	Streptophyta	Magnoliopsida	Rosales	Rosaceae	Rosa	NA
ASV_478	Viridiplantae	Streptophyta	Magnoliopsida	Boraginales	Boraginaceae	Echium	NA
ASV_479	Viridiplantae	Streptophyta	Magnoliopsida	Fabales	Fabaceae	Lotus	NA
ASV_480	Viridiplantae	Streptophyta	Magnoliopsida	Lamiales	Lamiaceae	Lamium	NA
ASV_481	Viridiplantae	Streptophyta	Magnoliopsida	Fabales	Fabaceae	Lotus	NA
ASV_482	Viridiplantae	Streptophyta	Magnoliopsida	Fabales	Fabaceae	Lotus	NA
ASV_483	Viridiplantae	Streptophyta	Magnoliopsida	Lamiales	Plantaginaceae	Plantago	lanceolata
ASV_484	Viridiplantae	Streptophyta	Magnoliopsida	Asterales	Asteraceae	Cirsium	NA
ASV_485	Viridiplantae	Streptophyta	Magnoliopsida	Fabales	Fabaceae	Lotus	NA
ASV_486	Viridiplantae	Streptophyta	Magnoliopsida	Lamiales	Orobanchaceae	Rhinanthus	NA
ASV_487	Viridiplantae	Streptophyta	Magnoliopsida	Fabales	Fabaceae	Trifolium	NA
ASV_488	Viridiplantae	Streptophyta	Magnoliopsida	Boraginales	Boraginaceae	Echium	NA
ASV_489	Viridiplantae	Streptophyta	Magnoliopsida	Rosales	Rosaceae	Rubus	NA
ASV_490	Viridiplantae	Streptophyta	Magnoliopsida	Lamiales	Plantaginaceae	Plantago	NA
ASV_491	Viridiplantae	Streptophyta	Magnoliopsida	Caryophyllales	Chenopodiaceae	Chenopodium	NA
ASV_492	Viridiplantae	Streptophyta	Magnoliopsida	Fabales	Fabaceae	Lotus	NA
ASV_493	Viridiplantae	Streptophyta	Magnoliopsida	Ericales	Primulaceae	Anagallis	NA
ASV_494	Viridiplantae	Streptophyta	Magnoliopsida	Fabales	Fabaceae	Ulex	NA
ASV_495	Viridiplantae	Streptophyta	Magnoliopsida	Lamiales	Plantaginaceae	Plantago	NA
ASV_496	Viridiplantae	Streptophyta	Magnoliopsida	Lamiales	Lamiaceae	Lamium	NA
ASV_497	Viridiplantae	Streptophyta	Magnoliopsida	Fabales	Fabaceae	Ulex	NA
ASV_498	Viridiplantae	Streptophyta	Magnoliopsida	Boraginales	Boraginaceae	Pulmonaria	NA
ASV_499	Viridiplantae	Streptophyta	Magnoliopsida	Poales	Poaceae	Poa	annua/supina
ASV_500	Viridiplantae	Streptophyta	Magnoliopsida	Asterales	Asteraceae	Crepis	capillaris/nicaeensis
ASV_501	Viridiplantae	Streptophyta	Magnoliopsida	Lamiales	Lamiaceae	Teucrium	NA
ASV_502	Viridiplantae	Streptophyta	Magnoliopsida	Lamiales	Lamiaceae	Lamium	NA
ASV_503	Viridiplantae	Streptophyta	Magnoliopsida	Lamiales	Orobanchaceae	Brandisia	NA
ASV_504	Viridiplantae	Streptophyta	Magnoliopsida	Rosales	Rosaceae	Potentilla	NA
ASV_505	Viridiplantae	Streptophyta	Magnoliopsida	Asparagales	NA	NA	NA
ASV_506	Viridiplantae	Streptophyta	Magnoliopsida	Fabales	Fabaceae	Trifolium	canescens
ASV_507	Viridiplantae	Streptophyta	Magnoliopsida	Fabales	Fabaceae	Vicia	NA
ASV_508	Viridiplantae	Streptophyta	Magnoliopsida	Fabales	Fabaceae	Lotus	NA
ASV_509	Viridiplantae	Streptophyta	Magnoliopsida	Fabales	Fabaceae	Lotus	NA
ASV_510	Viridiplantae	Streptophyta	Magnoliopsida	Fabales	Fabaceae	Lotus	NA
ASV_511	Viridiplantae	Streptophyta	Magnoliopsida	Ericales	Ericaceae	Vaccinium	NA
ASV_512	Viridiplantae	Streptophyta	Magnoliopsida	Lamiales	Plantaginaceae	Linaria	NA
ASV_513	Viridiplantae	Streptophyta	Magnoliopsida	Ericales	Ericaceae	Daboecia	NA
ASV_514	Viridiplantae	Streptophyta	Magnoliopsida	Ericales	Ericaceae	Erica	NA
ASV_515	Viridiplantae	Streptophyta	Magnoliopsida	Lamiales	Lamiaceae	Prunella	NA
ASV_516	Viridiplantae	Streptophyta	Magnoliopsida	Asterales	Asteraceae	Bellis	NA
ASV_517	Viridiplantae	Streptophyta	Magnoliopsida	Fabales	Fabaceae	Lotus	NA
ASV_518	Viridiplantae	Streptophyta	Magnoliopsida	Fabales	Fabaceae	Lotus	NA
ASV_519	Viridiplantae	Streptophyta	Magnoliopsida	Fabales	Fabaceae	Ulex	NA
ASV_520	Viridiplantae	Streptophyta	Magnoliopsida	Fagales	Fagaceae	Castanea	NA
ASV_521	Viridiplantae	Streptophyta	Magnoliopsida	Lamiales	Lamiaceae	Lamium	NA
ASV_522	Viridiplantae	Streptophyta	Magnoliopsida	Ericales	Ericaceae	Daboecia	NA
ASV_523	Viridiplantae	Streptophyta	Magnoliopsida	Lamiales	Plantaginaceae	Linaria	NA
ASV_524	Viridiplantae	Streptophyta	Magnoliopsida	Poales	Poaceae	Agrostis	capillaris/gigantea/microphylla
ASV_525	Viridiplantae	Streptophyta	Magnoliopsida	Ericales	Ericaceae	Daboecia	NA
ASV_526	Viridiplantae	Streptophyta	Magnoliopsida	Fabales	Fabaceae	Ulex	NA
ASV_527	Viridiplantae	Streptophyta	Magnoliopsida	Fabales	Fabaceae	Vicia	NA
ASV_528	Viridiplantae	Streptophyta	Magnoliopsida	Fabales	Fabaceae	Anthyllis	NA
ASV_529	Viridiplantae	Streptophyta	Magnoliopsida	Fabales	Fabaceae	Ulex	NA
ASV_530	Viridiplantae	Streptophyta	Magnoliopsida	Asterales	Asteraceae	Carduus	NA
ASV_531	Viridiplantae	Streptophyta	Magnoliopsida	Fabales	Fabaceae	Ulex	NA
ASV_532	Viridiplantae	Streptophyta	Magnoliopsida	Poales	Poaceae	Lolium	perenne/temulentum
ASV_533	Viridiplantae	Streptophyta	Magnoliopsida	Fabales	Fabaceae	Lotus	NA
ASV_534	Viridiplantae	Streptophyta	Magnoliopsida	Fabales	Fabaceae	Vicia	NA
ASV_535	Viridiplantae	Streptophyta	Magnoliopsida	Fabales	Fabaceae	Lotus	NA
ASV_536	Viridiplantae	Streptophyta	Magnoliopsida	Fabales	Fabaceae	Anthyllis	NA
ASV_537	Viridiplantae	Streptophyta	Magnoliopsida	Fabales	Fabaceae	Lotus	NA
ASV_538	Viridiplantae	Streptophyta	Magnoliopsida	Fagales	Fagaceae	Castanea	NA
ASV_539	Viridiplantae	Streptophyta	Magnoliopsida	Fabales	Fabaceae	Lotus	NA
ASV_540	Viridiplantae	Streptophyta	Magnoliopsida	Ericales	Ericaceae	Vaccinium	NA
ASV_541	Viridiplantae	Streptophyta	Magnoliopsida	Poales	Poaceae	Agrostis	NA
ASV_542	Viridiplantae	Streptophyta	Magnoliopsida	Poales	Poaceae	Zea	NA
ASV_543	Viridiplantae	Streptophyta	Magnoliopsida	Rosales	Rosaceae	Rosa	NA
ASV_544	Viridiplantae	Streptophyta	Magnoliopsida	Fabales	Fabaceae	Anthyllis	NA
ASV_545	Viridiplantae	Streptophyta	Magnoliopsida	Fabales	Fabaceae	Lotus	NA
ASV_546	Viridiplantae	Streptophyta	Magnoliopsida	Fabales	Fabaceae	Lotus	NA
ASV_547	Viridiplantae	Streptophyta	Magnoliopsida	Fabales	Fabaceae	Lotus	NA
ASV_548	Viridiplantae	Streptophyta	Magnoliopsida	Caryophyllales	Caryophyllaceae	Arenaria	NA
ASV_549	Viridiplantae	Streptophyta	Magnoliopsida	Fabales	Fabaceae	Lotus	NA
ASV_550	Viridiplantae	Streptophyta	Magnoliopsida	Lamiales	Lamiaceae	Lamium	NA
ASV_551	Viridiplantae	Streptophyta	Magnoliopsida	Fabales	Fabaceae	Lotus	NA
ASV_552	Viridiplantae	Streptophyta	Magnoliopsida	Lamiales	Plantaginaceae	Plantago	NA
ASV_553	Viridiplantae	Streptophyta	Magnoliopsida	Boraginales	Boraginaceae	Echium	NA
ASV_554	Viridiplantae	Streptophyta	Magnoliopsida	Fabales	Fabaceae	Lotus	NA
ASV_555	Viridiplantae	Streptophyta	Magnoliopsida	Lamiales	Lamiaceae	Lamium	NA
ASV_556	Viridiplantae	Streptophyta	Magnoliopsida	Fabales	Fabaceae	Lotus	NA
ASV_557	Viridiplantae	Streptophyta	Magnoliopsida	Ericales	Ericaceae	Daboecia	NA
ASV_558	Viridiplantae	Streptophyta	Magnoliopsida	Fabales	Fabaceae	Anthyllis	NA
ASV_559	Viridiplantae	Streptophyta	Magnoliopsida	Magnoliales	Magnoliaceae	Liriodendron	NA
ASV_560	Viridiplantae	Streptophyta	Magnoliopsida	Fabales	Fabaceae	Lotus	NA
ASV_561	Viridiplantae	Streptophyta	Magnoliopsida	Boraginales	Boraginaceae	Echium	NA
ASV_562	Viridiplantae	Streptophyta	Magnoliopsida	Lamiales	Plantaginaceae	Plantago	NA
ASV_563	Viridiplantae	Streptophyta	Magnoliopsida	Lamiales	Lamiaceae	Lamium	NA
ASV_564	Viridiplantae	Streptophyta	Magnoliopsida	Fabales	Fabaceae	Lotus	NA
ASV_565	Viridiplantae	Streptophyta	Magnoliopsida	Lamiales	Lamiaceae	Lamium	NA
ASV_566	Viridiplantae	Streptophyta	Magnoliopsida	Lamiales	Plantaginaceae	Plantago	NA
ASV_567	Viridiplantae	Streptophyta	Magnoliopsida	Fabales	Fabaceae	Trifolium	NA
ASV_568	Viridiplantae	Streptophyta	Magnoliopsida	Ranunculales	Ranunculaceae	Aconitum	NA
ASV_569	Viridiplantae	Streptophyta	Magnoliopsida	Fabales	Fabaceae	Lotus	NA
ASV_570	Viridiplantae	Streptophyta	Magnoliopsida	Fabales	Fabaceae	Ulex	NA
ASV_571	Viridiplantae	Streptophyta	Magnoliopsida	Fabales	Fabaceae	Lotus	NA
ASV_572	Viridiplantae	Streptophyta	Magnoliopsida	Lamiales	Lamiaceae	Teucrium	NA
ASV_573	Viridiplantae	Streptophyta	Magnoliopsida	Fabales	Fabaceae	NA	NA
ASV_574	Viridiplantae	Streptophyta	Magnoliopsida	Solanales	Solanaceae	Solanum	NA
ASV_575	Viridiplantae	Streptophyta	Magnoliopsida	Boraginales	Boraginaceae	Myosotis	NA
ASV_576	Viridiplantae	Streptophyta	Magnoliopsida	Fagales	Fagaceae	Castanea	NA
ASV_577	Viridiplantae	Streptophyta	Magnoliopsida	Lamiales	Lamiaceae	Ajuga	reptans
ASV_578	Viridiplantae	Streptophyta	Magnoliopsida	Lamiales	Orobanchaceae	Pedicularis	NA
ASV_579	Viridiplantae	Streptophyta	Magnoliopsida	Fabales	Fabaceae	Ulex	NA
ASV_580	Viridiplantae	Streptophyta	Magnoliopsida	Fabales	Fabaceae	Stauracanthus	NA
ASV_581	Viridiplantae	Streptophyta	Magnoliopsida	Lamiales	Lamiaceae	Teucrium	NA
ASV_582	Viridiplantae	Streptophyta	Magnoliopsida	Poales	Poaceae	Zea	NA
ASV_583	Viridiplantae	Streptophyta	Magnoliopsida	Rosales	Rosaceae	Crataegus	NA
ASV_584	Viridiplantae	Streptophyta	Magnoliopsida	Fabales	Fabaceae	Lotus	NA
ASV_585	Viridiplantae	Streptophyta	Magnoliopsida	Fabales	Fabaceae	Ulex	NA
ASV_586	Viridiplantae	Streptophyta	Magnoliopsida	Fabales	Fabaceae	Lotus	NA
ASV_587	Viridiplantae	Streptophyta	Magnoliopsida	Boraginales	Boraginaceae	Echium	NA
ASV_588	Viridiplantae	Streptophyta	Magnoliopsida	Fabales	Fabaceae	Lotus	NA
ASV_589	Viridiplantae	Streptophyta	Magnoliopsida	NA	NA	NA	NA
ASV_590	Viridiplantae	Streptophyta	Magnoliopsida	Poales	Poaceae	Saccharum	NA
ASV_591	Viridiplantae	Streptophyta	Magnoliopsida	Lamiales	Lamiaceae	Lamium	NA
ASV_592	Viridiplantae	Streptophyta	Magnoliopsida	Fabales	Fabaceae	Lotus	NA
ASV_593	Viridiplantae	Streptophyta	Magnoliopsida	Fabales	Fabaceae	Lotus	NA
ASV_594	Viridiplantae	Streptophyta	Magnoliopsida	Fabales	Fabaceae	Ulex	NA
ASV_595	Viridiplantae	Streptophyta	Magnoliopsida	Lamiales	Lamiaceae	Lamium	NA
ASV_596	Viridiplantae	Streptophyta	Magnoliopsida	Lamiales	Plantaginaceae	Linaria	NA
ASV_597	Viridiplantae	Streptophyta	Magnoliopsida	Lamiales	Lamiaceae	Lamium	NA
ASV_598	Viridiplantae	Streptophyta	Magnoliopsida	Fabales	Fabaceae	Ulex	NA
ASV_599	Viridiplantae	Streptophyta	Magnoliopsida	Boraginales	Boraginaceae	Echium	NA
ASV_600	Viridiplantae	Streptophyta	Magnoliopsida	Fabales	Fabaceae	Lotus	NA
ASV_601	Viridiplantae	Streptophyta	Magnoliopsida	Fagales	Fagaceae	Fagus	NA
ASV_602	Viridiplantae	Streptophyta	Magnoliopsida	Ranunculales	Ranunculaceae	Clematis	NA
ASV_603	Viridiplantae	Streptophyta	Magnoliopsida	Lamiales	Plantaginaceae	Veronica	NA
ASV_604	Viridiplantae	Streptophyta	Magnoliopsida	Fabales	Fabaceae	Ulex	NA
ASV_605	Viridiplantae	Streptophyta	Magnoliopsida	Fabales	Fabaceae	Ulex	NA
ASV_606	Viridiplantae	Streptophyta	Magnoliopsida	Lamiales	Plantaginaceae	Plantago	NA
ASV_607	Viridiplantae	Streptophyta	Magnoliopsida	Poales	Poaceae	Alopecurus	NA
ASV_608	Viridiplantae	Streptophyta	Magnoliopsida	Fabales	Fabaceae	Lotus	NA
ASV_609	Viridiplantae	Streptophyta	Magnoliopsida	Fabales	Fabaceae	Lotus	NA
ASV_610	Viridiplantae	Streptophyta	Magnoliopsida	Brassicales	Brassicaceae	Erysimum	NA
ASV_611	Viridiplantae	Streptophyta	Magnoliopsida	Poales	Poaceae	Lolium	NA
ASV_612	Viridiplantae	Streptophyta	Magnoliopsida	Fabales	Fabaceae	Lotus	NA
ASV_613	Viridiplantae	Streptophyta	Magnoliopsida	Lamiales	Lamiaceae	Lamium	NA
ASV_614	Viridiplantae	Streptophyta	Magnoliopsida	Fabales	Fabaceae	Ulex	NA
ASV_615	Viridiplantae	Streptophyta	Magnoliopsida	Lamiales	Plantaginaceae	Plantago	NA
ASV_616	Viridiplantae	Streptophyta	Magnoliopsida	Boraginales	Boraginaceae	Pulmonaria	NA
ASV_617	Viridiplantae	Streptophyta	Magnoliopsida	NA	NA	NA	NA
ASV_618	Viridiplantae	Streptophyta	Magnoliopsida	Fabales	Fabaceae	Lotus	NA
ASV_619	Viridiplantae	Streptophyta	Magnoliopsida	Fabales	Fabaceae	Lathyrus	NA
ASV_620	Viridiplantae	Streptophyta	Magnoliopsida	Poales	Poaceae	Saccharum	NA
ASV_621	Viridiplantae	Streptophyta	Magnoliopsida	Fabales	Fabaceae	Glycine	max
ASV_622	Viridiplantae	Streptophyta	Magnoliopsida	Rosales	Rosaceae	Rubus	NA
ASV_623	Viridiplantae	Streptophyta	Magnoliopsida	Asterales	Asteraceae	Cirsium	NA
ASV_624	Viridiplantae	Streptophyta	Magnoliopsida	Ranunculales	Ranunculaceae	Ranunculus	NA
ASV_625	Viridiplantae	Streptophyta	Magnoliopsida	Fabales	Fabaceae	Ulex	NA
ASV_626	Viridiplantae	Streptophyta	Magnoliopsida	Ranunculales	Ranunculaceae	Ranunculus	NA
ASV_627	Viridiplantae	Streptophyta	Magnoliopsida	Lamiales	Plantaginaceae	Plantago	NA
ASV_628	Viridiplantae	Streptophyta	Magnoliopsida	Fabales	Fabaceae	Lotus	NA
ASV_629	Viridiplantae	Streptophyta	Magnoliopsida	Lamiales	Plantaginaceae	Linaria	NA
ASV_630	Viridiplantae	Streptophyta	Magnoliopsida	Rosales	Rosaceae	Rubus	NA
ASV_631	Viridiplantae	Streptophyta	Magnoliopsida	Fabales	Fabaceae	Lathyrus	NA
ASV_632	Viridiplantae	Streptophyta	Magnoliopsida	Fabales	Fabaceae	Lotus	NA
ASV_633	Viridiplantae	Streptophyta	Magnoliopsida	Fabales	Fabaceae	Ulex	NA
ASV_634	Viridiplantae	Streptophyta	Magnoliopsida	Ericales	Primulaceae	Primula	NA
ASV_635	Viridiplantae	Streptophyta	Magnoliopsida	Fagales	Betulaceae	Betula	kenaica
ASV_636	Viridiplantae	Streptophyta	Magnoliopsida	Malvales	Malvaceae	Tilia	americana
ASV_637	Viridiplantae	Streptophyta	Magnoliopsida	Fabales	Fabaceae	Lotus	NA
ASV_638	Viridiplantae	Streptophyta	Magnoliopsida	Lamiales	Lamiaceae	Teucrium	NA
ASV_639	Viridiplantae	Streptophyta	Magnoliopsida	Fabales	Fabaceae	Lotus	NA
ASV_640	Viridiplantae	Streptophyta	Magnoliopsida	Fabales	Fabaceae	Vicia	NA
ASV_641	Viridiplantae	Streptophyta	Magnoliopsida	Fabales	Fabaceae	Lotus	NA
ASV_642	Viridiplantae	Streptophyta	Magnoliopsida	Fabales	Fabaceae	Ulex	NA
ASV_643	Viridiplantae	Streptophyta	Magnoliopsida	Solanales	Solanaceae	Solanum	NA
ASV_644	Viridiplantae	Streptophyta	Magnoliopsida	Fabales	Fabaceae	Lotus	NA
ASV_645	Viridiplantae	Streptophyta	Magnoliopsida	Fabales	Fabaceae	Ulex	NA
ASV_646	Viridiplantae	Streptophyta	Magnoliopsida	Lamiales	Lamiaceae	Ajuga	NA
ASV_647	Viridiplantae	Streptophyta	Magnoliopsida	Rosales	Rosaceae	Rosa	NA
ASV_648	Viridiplantae	Streptophyta	Magnoliopsida	Fabales	Fabaceae	Trifolium	NA
ASV_649	Viridiplantae	Streptophyta	Magnoliopsida	Saxifragales	Crassulaceae	Sedum	NA
ASV_650	Viridiplantae	Streptophyta	Magnoliopsida	Fabales	Fabaceae	NA	NA
ASV_651	Viridiplantae	Streptophyta	Magnoliopsida	Lamiales	Orobanchaceae	Rhinanthus	NA
ASV_652	Viridiplantae	Streptophyta	Magnoliopsida	Fabales	Fabaceae	NA	NA
ASV_653	Viridiplantae	Streptophyta	Magnoliopsida	Fabales	Fabaceae	Lotus	NA
ASV_654	Viridiplantae	Streptophyta	Magnoliopsida	Asterales	Asteraceae	Carduus	NA
ASV_655	Viridiplantae	Streptophyta	Magnoliopsida	Lamiales	Plantaginaceae	Linaria	NA
ASV_656	Viridiplantae	Streptophyta	Magnoliopsida	Fabales	Fabaceae	Lotus	NA
ASV_657	Viridiplantae	Streptophyta	Magnoliopsida	Fabales	Fabaceae	Ulex	NA
ASV_658	Viridiplantae	Streptophyta	Magnoliopsida	Lamiales	Orobanchaceae	Brandisia	NA
ASV_659	Viridiplantae	Streptophyta	Magnoliopsida	Fabales	Fabaceae	Lotus	NA
ASV_660	Viridiplantae	Streptophyta	Magnoliopsida	Boraginales	Boraginaceae	Myosotis	NA
ASV_661	Viridiplantae	Streptophyta	Magnoliopsida	Fabales	Fabaceae	Lotus	NA
ASV_662	Viridiplantae	Streptophyta	Magnoliopsida	Fabales	Fabaceae	Lotus	NA
ASV_663	Viridiplantae	Streptophyta	Magnoliopsida	Fabales	Fabaceae	Trifolium	NA
ASV_664	Viridiplantae	Streptophyta	Magnoliopsida	Asterales	Asteraceae	Cirsium	NA
ASV_665	Viridiplantae	Streptophyta	Magnoliopsida	Ericales	Ericaceae	Vaccinium	NA
ASV_666	Viridiplantae	Streptophyta	Magnoliopsida	Boraginales	Boraginaceae	Pulmonaria	NA
ASV_667	Viridiplantae	Streptophyta	Magnoliopsida	Fagales	Fagaceae	Castanea	NA
ASV_668	Viridiplantae	Streptophyta	Magnoliopsida	Asterales	Asteraceae	Bellis	NA
ASV_669	Viridiplantae	Streptophyta	Magnoliopsida	Rosales	Rosaceae	Rubus	NA
ASV_670	Viridiplantae	Streptophyta	Magnoliopsida	Fabales	Fabaceae	Lotus	NA
ASV_671	Viridiplantae	Streptophyta	Magnoliopsida	Fabales	Fabaceae	Lotus	NA
ASV_672	Viridiplantae	Streptophyta	Magnoliopsida	Lamiales	Plantaginaceae	Plantago	NA
ASV_673	Viridiplantae	Streptophyta	Magnoliopsida	Poales	Poaceae	Triticum	NA
ASV_674	Viridiplantae	Streptophyta	Magnoliopsida	Ranunculales	Ranunculaceae	Ranunculus	NA
ASV_675	Viridiplantae	Streptophyta	Magnoliopsida	Lamiales	Lamiaceae	Lamium	NA
ASV_676	Viridiplantae	Streptophyta	Magnoliopsida	Fabales	Fabaceae	Lotus	NA
ASV_677	Viridiplantae	Streptophyta	Magnoliopsida	Lamiales	Plantaginaceae	Linaria	NA
ASV_678	Viridiplantae	Streptophyta	Magnoliopsida	Ranunculales	Ranunculaceae	Ranunculus	NA
ASV_679	Viridiplantae	Streptophyta	Magnoliopsida	Solanales	Solanaceae	Solanum	NA
ASV_680	Viridiplantae	Streptophyta	Magnoliopsida	Asterales	Asteraceae	Chamaemelum	NA
ASV_681	Viridiplantae	Streptophyta	Magnoliopsida	Fabales	Fabaceae	Ulex	NA
ASV_682	Viridiplantae	Streptophyta	Magnoliopsida	Malpighiales	Hypericaceae	Hypericum	NA
ASV_683	Viridiplantae	Streptophyta	Magnoliopsida	Fabales	Fabaceae	Lotus	NA
ASV_684	Viridiplantae	Streptophyta	Magnoliopsida	Malvales	Cistaceae	Helianthemum	NA
ASV_685	Viridiplantae	Streptophyta	Magnoliopsida	Lamiales	Plantaginaceae	Linaria	NA
ASV_686	Viridiplantae	Streptophyta	Magnoliopsida	Fabales	Fabaceae	Ulex	NA
ASV_687	Viridiplantae	Streptophyta	Magnoliopsida	Boraginales	Boraginaceae	Myosotis	NA
ASV_688	Viridiplantae	Streptophyta	Magnoliopsida	Lamiales	Lamiaceae	Thymus	NA
ASV_689	Viridiplantae	Streptophyta	Magnoliopsida	Lamiales	Orobanchaceae	Rhinanthus	NA
ASV_690	Viridiplantae	Streptophyta	Magnoliopsida	Fabales	Fabaceae	Trifolium	NA
ASV_691	Viridiplantae	Streptophyta	Magnoliopsida	Fabales	Fabaceae	Ulex	NA
ASV_692	Viridiplantae	Streptophyta	Magnoliopsida	Ericales	Primulaceae	Anagallis	NA
ASV_693	Viridiplantae	Streptophyta	Magnoliopsida	Asterales	Asteraceae	Cirsium	NA
ASV_694	Viridiplantae	Streptophyta	Magnoliopsida	Ericales	Ericaceae	Daboecia	NA
ASV_695	Viridiplantae	Streptophyta	Magnoliopsida	Solanales	Solanaceae	Solanum	NA
ASV_696	Viridiplantae	Streptophyta	Magnoliopsida	Malvales	Cistaceae	Helianthemum	NA
ASV_697	Viridiplantae	Streptophyta	Magnoliopsida	Fabales	Fabaceae	Ulex	NA
ASV_698	Viridiplantae	Streptophyta	Magnoliopsida	Ranunculales	Ranunculaceae	Ranunculus	NA
ASV_699	Viridiplantae	Streptophyta	Magnoliopsida	Fagales	Fagaceae	Castanea	NA
ASV_700	Viridiplantae	Streptophyta	Magnoliopsida	Fabales	Fabaceae	Lathyrus	NA
ASV_701	Viridiplantae	Streptophyta	Magnoliopsida	Rosales	Rosaceae	Crataegus	NA
ASV_702	Viridiplantae	Streptophyta	Magnoliopsida	Fabales	Fabaceae	Vicia	NA
ASV_703	Viridiplantae	Streptophyta	Magnoliopsida	Dipsacales	Caprifoliaceae	Scabiosa	NA
ASV_704	Viridiplantae	Streptophyta	Magnoliopsida	Fabales	Fabaceae	NA	NA
ASV_705	Viridiplantae	Streptophyta	Magnoliopsida	Ericales	Ericaceae	Erica	NA
ASV_706	Viridiplantae	Streptophyta	Magnoliopsida	Lamiales	Lamiaceae	Lamium	NA
ASV_707	Viridiplantae	Streptophyta	Magnoliopsida	Lamiales	Lamiaceae	Teucrium	NA
ASV_708	Viridiplantae	Streptophyta	Magnoliopsida	Fabales	Fabaceae	Ulex	NA
ASV_709	Viridiplantae	Streptophyta	Magnoliopsida	Boraginales	Boraginaceae	Echium	NA
ASV_710	Viridiplantae	Streptophyta	Magnoliopsida	Malpighiales	Violaceae	Viola	NA
ASV_711	Viridiplantae	Streptophyta	Magnoliopsida	Asterales	Asteraceae	Carduus	NA
ASV_712	Viridiplantae	Streptophyta	Magnoliopsida	Lamiales	Orobanchaceae	Brandisia	NA
ASV_713	Viridiplantae	Streptophyta	Magnoliopsida	Fabales	Fabaceae	Lotus	NA
ASV_714	Viridiplantae	Streptophyta	Magnoliopsida	Fabales	Fabaceae	Lathyrus	NA
ASV_715	Viridiplantae	Streptophyta	Magnoliopsida	Fabales	Fabaceae	Ulex	NA
ASV_716	Viridiplantae	Streptophyta	Magnoliopsida	Poales	Poaceae	Agrostis	NA
ASV_717	Viridiplantae	Streptophyta	Magnoliopsida	Lamiales	Plantaginaceae	Linaria	NA
ASV_718	Viridiplantae	Streptophyta	Magnoliopsida	Fabales	Fabaceae	Trifolium	NA
ASV_719	Viridiplantae	Streptophyta	Magnoliopsida	Lamiales	Lamiaceae	Teucrium	NA
ASV_720	Viridiplantae	Streptophyta	Magnoliopsida	Lamiales	Lamiaceae	Teucrium	NA
ASV_721	Viridiplantae	Streptophyta	Magnoliopsida	Asterales	Asteraceae	Cirsium	NA
ASV_722	Viridiplantae	Streptophyta	Magnoliopsida	Fabales	Fabaceae	Lotus	NA
ASV_723	Viridiplantae	Streptophyta	Magnoliopsida	Fabales	Fabaceae	Lotus	NA
ASV_724	Viridiplantae	Streptophyta	Magnoliopsida	Fabales	Fabaceae	Ulex	NA
ASV_725	Viridiplantae	Streptophyta	Magnoliopsida	Lamiales	Lamiaceae	Lamium	NA
ASV_726	Viridiplantae	Streptophyta	Magnoliopsida	Lamiales	Plantaginaceae	Plantago	NA
ASV_727	Viridiplantae	Streptophyta	Magnoliopsida	Fabales	Fabaceae	Lotus	NA
ASV_728	Viridiplantae	Streptophyta	Magnoliopsida	Fabales	Fabaceae	Gonocytisus	NA
ASV_729	Viridiplantae	Streptophyta	Magnoliopsida	Fabales	Fabaceae	Vicia	NA
ASV_730	Viridiplantae	Streptophyta	Magnoliopsida	Fabales	Fabaceae	Vicia	NA
ASV_731	Viridiplantae	Streptophyta	Magnoliopsida	Fabales	Fabaceae	Vicia	NA
ASV_732	Viridiplantae	Streptophyta	Magnoliopsida	Fabales	Fabaceae	NA	NA
ASV_733	Viridiplantae	Streptophyta	Magnoliopsida	Boraginales	Boraginaceae	Myosotis	NA
ASV_734	Viridiplantae	Streptophyta	Magnoliopsida	Ericales	Ericaceae	Daboecia	NA
ASV_735	Viridiplantae	Streptophyta	Magnoliopsida	Asterales	Asteraceae	Chamaemelum	NA
ASV_736	Viridiplantae	Streptophyta	Magnoliopsida	Fabales	Fabaceae	Lotus	NA
ASV_737	Viridiplantae	Streptophyta	Magnoliopsida	Fabales	Fabaceae	Lotus	NA
ASV_738	Viridiplantae	Streptophyta	Magnoliopsida	Ranunculales	Ranunculaceae	Ranunculus	NA
ASV_739	Viridiplantae	Streptophyta	Magnoliopsida	Ranunculales	Ranunculaceae	Ranunculus	NA
ASV_740	Viridiplantae	Streptophyta	Magnoliopsida	Fabales	Fabaceae	Genista	NA
ASV_741	Viridiplantae	Streptophyta	Magnoliopsida	Lamiales	Plantaginaceae	Linaria	NA
ASV_742	Viridiplantae	Streptophyta	Magnoliopsida	Lamiales	Lamiaceae	Lamium	NA
ASV_743	Viridiplantae	Streptophyta	Magnoliopsida	Fabales	Fabaceae	Lotus	NA
ASV_744	Viridiplantae	Streptophyta	Magnoliopsida	Geraniales	Geraniaceae	Geranium	NA
ASV_745	Viridiplantae	Streptophyta	Magnoliopsida	Fabales	Fabaceae	Hippocrepis	NA
ASV_746	Viridiplantae	Streptophyta	Magnoliopsida	Asterales	Asteraceae	Chamaemelum	NA
ASV_747	Viridiplantae	Streptophyta	Magnoliopsida	Lamiales	Lamiaceae	Glechoma	NA
ASV_748	Viridiplantae	Streptophyta	Magnoliopsida	Fabales	Fabaceae	Lotus	NA
ASV_749	Viridiplantae	Streptophyta	Magnoliopsida	Ranunculales	Ranunculaceae	Ranunculus	NA
ASV_750	Viridiplantae	Streptophyta	Magnoliopsida	Fabales	Fabaceae	Lotus	NA
ASV_751	Viridiplantae	Streptophyta	Magnoliopsida	Lamiales	Orobanchaceae	Brandisia	NA
ASV_752	Viridiplantae	Streptophyta	Magnoliopsida	Fabales	Fabaceae	Lotus	NA
ASV_753	Viridiplantae	Streptophyta	Magnoliopsida	Fabales	Fabaceae	Lotus	NA
ASV_754	Viridiplantae	Streptophyta	Magnoliopsida	Fabales	Fabaceae	Ulex	NA
ASV_755	Viridiplantae	Streptophyta	Magnoliopsida	Malpighiales	Violaceae	Viola	NA
ASV_756	Viridiplantae	Streptophyta	Magnoliopsida	Fabales	Fabaceae	Vicia	NA
ASV_757	Viridiplantae	Streptophyta	Magnoliopsida	Fabales	Fabaceae	Trifolium	NA
ASV_758	Viridiplantae	Streptophyta	Magnoliopsida	Malpighiales	Hypericaceae	Hypericum	NA
ASV_759	Viridiplantae	Streptophyta	Magnoliopsida	Fabales	Fabaceae	Ulex	NA
ASV_760	Viridiplantae	Streptophyta	Magnoliopsida	Fabales	Fabaceae	Vicia	NA
ASV_761	Viridiplantae	Streptophyta	Magnoliopsida	Ranunculales	Ranunculaceae	Ranunculus	NA
ASV_762	Viridiplantae	Streptophyta	Magnoliopsida	Fabales	Fabaceae	NA	NA
ASV_763	Viridiplantae	Streptophyta	Magnoliopsida	Fabales	Fabaceae	Lotus	NA
ASV_764	Viridiplantae	Streptophyta	Magnoliopsida	Fabales	Fabaceae	Lotus	NA
ASV_765	Viridiplantae	Streptophyta	Magnoliopsida	Fabales	Fabaceae	NA	NA
ASV_766	Viridiplantae	Streptophyta	Magnoliopsida	Dipsacales	Caprifoliaceae	Scabiosa	NA
ASV_767	Viridiplantae	Streptophyta	Magnoliopsida	Fabales	Fabaceae	Trifolium	NA
ASV_768	Viridiplantae	Streptophyta	Magnoliopsida	Lamiales	Plantaginaceae	Veronica	NA
ASV_769	Viridiplantae	Streptophyta	Magnoliopsida	Fabales	Fabaceae	Lotus	NA
ASV_770	Viridiplantae	Streptophyta	Magnoliopsida	Lamiales	Orobanchaceae	Pedicularis	NA
ASV_771	Viridiplantae	Streptophyta	Magnoliopsida	Fabales	Fabaceae	Lotus	NA
ASV_772	Viridiplantae	Streptophyta	Magnoliopsida	Fabales	Fabaceae	Trifolium	NA
ASV_773	Viridiplantae	Streptophyta	Magnoliopsida	Lamiales	Orobanchaceae	Brandisia	NA
ASV_774	Viridiplantae	Streptophyta	Magnoliopsida	Magnoliales	Magnoliaceae	Liriodendron	NA
ASV_775	Viridiplantae	Streptophyta	Magnoliopsida	NA	NA	NA	NA
ASV_776	Viridiplantae	Streptophyta	Magnoliopsida	Asterales	Asteraceae	Leontodon	saxatilis
ASV_777	Viridiplantae	Streptophyta	Magnoliopsida	Fagales	Fagaceae	Castanea	NA
ASV_778	Viridiplantae	Streptophyta	Magnoliopsida	Fabales	Fabaceae	Lotus	NA
ASV_779	Viridiplantae	Streptophyta	Magnoliopsida	Ericales	Ericaceae	Vaccinium	NA
ASV_780	Viridiplantae	Streptophyta	Magnoliopsida	Malpighiales	Salicaceae	Salix	NA
ASV_781	Viridiplantae	Streptophyta	Magnoliopsida	Lamiales	Lamiaceae	Lamium	NA
ASV_782	Viridiplantae	Streptophyta	Magnoliopsida	Poales	Poaceae	Holcus	lanatus
ASV_783	Viridiplantae	Streptophyta	Magnoliopsida	Brassicales	Brassicaceae	Erysimum	NA
ASV_784	Viridiplantae	Streptophyta	Magnoliopsida	Malvales	Cistaceae	Helianthemum	NA
ASV_785	Viridiplantae	Streptophyta	Magnoliopsida	Malpighiales	Hypericaceae	Hypericum	NA
ASV_786	Viridiplantae	Streptophyta	Magnoliopsida	Ericales	Ericaceae	Erica	NA
ASV_787	Viridiplantae	Streptophyta	Magnoliopsida	Malpighiales	Violaceae	Viola	NA
ASV_788	Viridiplantae	Streptophyta	Magnoliopsida	Lamiales	Plantaginaceae	Linaria	NA
ASV_789	Viridiplantae	Streptophyta	Magnoliopsida	Lamiales	Orobanchaceae	Brandisia	NA
ASV_790	Viridiplantae	Streptophyta	Magnoliopsida	Brassicales	Brassicaceae	Pritzelago	NA
ASV_791	Viridiplantae	Streptophyta	Magnoliopsida	Fabales	Fabaceae	Vicia	NA
ASV_792	Viridiplantae	Streptophyta	Magnoliopsida	Cucurbitales	Cucurbitaceae	Citrullus	NA
ASV_793	Viridiplantae	Streptophyta	Magnoliopsida	Fabales	Fabaceae	Lotus	NA
ASV_794	Viridiplantae	Streptophyta	Magnoliopsida	Lamiales	Orobanchaceae	Brandisia	NA
ASV_795	Viridiplantae	Streptophyta	Magnoliopsida	Fabales	Fabaceae	Lotus	NA
ASV_796	Viridiplantae	Streptophyta	Magnoliopsida	Fabales	Fabaceae	Lotus	NA
ASV_797	Viridiplantae	Streptophyta	Magnoliopsida	Fabales	Fabaceae	Ulex	NA
ASV_798	Viridiplantae	Streptophyta	Magnoliopsida	Fabales	Fabaceae	Lotus	NA
ASV_799	Viridiplantae	Streptophyta	Magnoliopsida	Ranunculales	Ranunculaceae	Ranunculus	NA
ASV_800	Viridiplantae	Streptophyta	Magnoliopsida	Dipsacales	Caprifoliaceae	Scabiosa	NA
ASV_801	Viridiplantae	Streptophyta	Magnoliopsida	Rosales	Rosaceae	Rubus	NA
ASV_802	Viridiplantae	Streptophyta	Magnoliopsida	Rosales	Rosaceae	Rubus	NA
ASV_803	Viridiplantae	Streptophyta	Magnoliopsida	Asterales	Asteraceae	Chamaemelum	nobile
ASV_804	Viridiplantae	Streptophyta	Magnoliopsida	Fabales	Fabaceae	Lotus	NA
ASV_805	Viridiplantae	Streptophyta	Magnoliopsida	Asparagales	NA	NA	NA
ASV_806	Viridiplantae	Streptophyta	Magnoliopsida	Fabales	Fabaceae	Vicia	NA
ASV_807	Viridiplantae	Streptophyta	Magnoliopsida	Fabales	Fabaceae	Vicia	NA
ASV_808	Viridiplantae	Streptophyta	Magnoliopsida	Rosales	Rosaceae	Rubus	NA
ASV_809	Viridiplantae	Streptophyta	Magnoliopsida	Ranunculales	Ranunculaceae	Ranunculus	NA
ASV_810	Viridiplantae	Streptophyta	Magnoliopsida	Ranunculales	Ranunculaceae	Ranunculus	NA
ASV_811	Viridiplantae	Streptophyta	Magnoliopsida	Fabales	Fabaceae	Lotus	NA
ASV_812	Viridiplantae	Streptophyta	Magnoliopsida	Fabales	Fabaceae	Lotus	NA
ASV_813	Viridiplantae	Streptophyta	Magnoliopsida	Fabales	Fabaceae	Lotus	NA
ASV_814	Viridiplantae	Streptophyta	Magnoliopsida	Ericales	Ericaceae	Daboecia	NA
ASV_815	Viridiplantae	Streptophyta	Magnoliopsida	Fabales	Fabaceae	Ulex	NA
ASV_816	Viridiplantae	Streptophyta	Magnoliopsida	Lamiales	Plantaginaceae	Globularia	NA
ASV_817	Viridiplantae	Streptophyta	Magnoliopsida	Ranunculales	Ranunculaceae	Ranunculus	NA
ASV_818	Viridiplantae	Streptophyta	Magnoliopsida	Rosales	Rosaceae	Rubus	NA
ASV_819	Viridiplantae	Streptophyta	Magnoliopsida	Fabales	Fabaceae	Genista	NA
ASV_820	Viridiplantae	Streptophyta	Magnoliopsida	Rosales	Rosaceae	Potentilla	NA
ASV_821	Viridiplantae	Streptophyta	Magnoliopsida	Malpighiales	Hypericaceae	Hypericum	NA
ASV_822	Viridiplantae	Streptophyta	Magnoliopsida	Fabales	Fabaceae	Stauracanthus	NA
ASV_823	Viridiplantae	Streptophyta	Magnoliopsida	Fabales	Fabaceae	Ulex	NA
ASV_824	Viridiplantae	Streptophyta	Magnoliopsida	Asterales	Asteraceae	Cirsium	NA
ASV_825	Viridiplantae	Streptophyta	Magnoliopsida	Fabales	Fabaceae	Vicia	NA
ASV_826	Viridiplantae	Streptophyta	Magnoliopsida	Saxifragales	Crassulaceae	Sedum	NA
ASV_827	Viridiplantae	Streptophyta	Magnoliopsida	Fabales	Fabaceae	Lotus	NA
ASV_828	Viridiplantae	Streptophyta	Magnoliopsida	Lamiales	Lamiaceae	Lamium	NA
ASV_829	Viridiplantae	Streptophyta	Magnoliopsida	Fabales	Fabaceae	Lotus	NA
ASV_830	Viridiplantae	Streptophyta	Magnoliopsida	Fabales	Fabaceae	Lotus	NA
ASV_831	Viridiplantae	Streptophyta	Magnoliopsida	Asterales	Asteraceae	Cirsium	NA
ASV_832	Viridiplantae	Streptophyta	Magnoliopsida	Boraginales	Boraginaceae	Pulmonaria	NA
ASV_833	Viridiplantae	Streptophyta	Magnoliopsida	Rosales	Rosaceae	Rosa	NA
ASV_834	Viridiplantae	Streptophyta	Magnoliopsida	Fabales	Fabaceae	Vicia	NA
ASV_835	Viridiplantae	Streptophyta	Magnoliopsida	Fabales	Fabaceae	Lotus	NA
ASV_836	Viridiplantae	Streptophyta	Magnoliopsida	Fabales	Fabaceae	Lotus	NA
ASV_837	Viridiplantae	Streptophyta	Magnoliopsida	Fagales	Fagaceae	Quercus	NA
ASV_838	Viridiplantae	Streptophyta	Magnoliopsida	Boraginales	Boraginaceae	Glandora	NA
ASV_839	Viridiplantae	Streptophyta	Magnoliopsida	Lamiales	Plantaginaceae	Plantago	NA
ASV_840	Viridiplantae	Streptophyta	Magnoliopsida	Rosales	Rosaceae	Rubus	NA
ASV_841	Viridiplantae	Streptophyta	Magnoliopsida	Rosales	Rosaceae	Rubus	NA
ASV_842	Viridiplantae	Streptophyta	Magnoliopsida	Fabales	Fabaceae	Lotus	NA
ASV_843	Viridiplantae	Streptophyta	Magnoliopsida	Fabales	Fabaceae	NA	NA
ASV_844	Viridiplantae	Streptophyta	Magnoliopsida	Fagales	Fagaceae	Castanea	NA
ASV_845	Viridiplantae	Streptophyta	Magnoliopsida	Fabales	Fabaceae	Lotus	NA
ASV_846	Viridiplantae	Streptophyta	Magnoliopsida	Lamiales	Plantaginaceae	Linaria	NA
ASV_847	Viridiplantae	Streptophyta	Magnoliopsida	Solanales	Solanaceae	Solanum	NA
ASV_848	Viridiplantae	Streptophyta	Magnoliopsida	Fabales	Fabaceae	Lotus	NA
ASV_849	Viridiplantae	Streptophyta	Magnoliopsida	Lamiales	Plantaginaceae	Linaria	NA
ASV_850	Viridiplantae	Streptophyta	Magnoliopsida	Lamiales	Lamiaceae	Lamium	NA
ASV_851	Viridiplantae	Streptophyta	Magnoliopsida	Fabales	Fabaceae	Lotus	NA
ASV_852	Viridiplantae	Streptophyta	Magnoliopsida	Fabales	Fabaceae	Lotus	NA
ASV_853	Viridiplantae	Streptophyta	Magnoliopsida	Ericales	Ericaceae	Daboecia	NA
ASV_854	Viridiplantae	Streptophyta	Magnoliopsida	Fabales	Fabaceae	Vicia	NA
ASV_855	Viridiplantae	Streptophyta	Magnoliopsida	Fabales	Fabaceae	Lotus	NA
ASV_856	Viridiplantae	Streptophyta	Magnoliopsida	Fabales	Fabaceae	Trifolium	NA
ASV_857	Viridiplantae	Streptophyta	Magnoliopsida	Rosales	Rosaceae	Rubus	NA
ASV_858	Viridiplantae	Streptophyta	Magnoliopsida	Lamiales	Lamiaceae	Lamium	NA
ASV_859	Viridiplantae	Streptophyta	Magnoliopsida	Fabales	Fabaceae	Lotus	NA
ASV_860	Viridiplantae	Streptophyta	Magnoliopsida	Lamiales	Orobanchaceae	Brandisia	NA
ASV_861	Viridiplantae	Streptophyta	Magnoliopsida	Boraginales	Boraginaceae	Myosotis	NA
ASV_862	Viridiplantae	Streptophyta	Magnoliopsida	Fabales	Fabaceae	Lotus	NA
ASV_863	Viridiplantae	Streptophyta	Magnoliopsida	Apiales	Apiaceae	Hellenocarum	NA
ASV_864	Viridiplantae	Streptophyta	Magnoliopsida	Apiales	Apiaceae	Chaerophyllum	NA
ASV_865	Viridiplantae	Streptophyta	Magnoliopsida	Lamiales	Plantaginaceae	Linaria	NA
ASV_866	Viridiplantae	Streptophyta	Magnoliopsida	Fabales	Fabaceae	Lotus	NA
ASV_867	Viridiplantae	Streptophyta	Magnoliopsida	Fabales	Fabaceae	Lotus	NA
ASV_868	Viridiplantae	Streptophyta	Magnoliopsida	Fabales	Fabaceae	Lotus	NA
ASV_869	Viridiplantae	Streptophyta	Magnoliopsida	Lamiales	Plantaginaceae	Linaria	NA
ASV_870	Viridiplantae	Streptophyta	Magnoliopsida	Asterales	Campanulaceae	Jasione	NA
ASV_871	Viridiplantae	Streptophyta	Magnoliopsida	Fabales	Fabaceae	Lotus	NA
ASV_872	Viridiplantae	Streptophyta	Magnoliopsida	Lamiales	Lamiaceae	Teucrium	NA
ASV_873	Viridiplantae	Streptophyta	Magnoliopsida	Solanales	Solanaceae	NA	NA
ASV_874	Viridiplantae	Streptophyta	Magnoliopsida	Fabales	Fabaceae	Lotus	NA
ASV_875	Viridiplantae	Streptophyta	Magnoliopsida	Fabales	Fabaceae	Trifolium	NA
ASV_876	Viridiplantae	Streptophyta	Magnoliopsida	Lamiales	Lamiaceae	Teucrium	NA
ASV_877	Viridiplantae	Streptophyta	Magnoliopsida	Fabales	Fabaceae	NA	NA
ASV_878	Viridiplantae	Streptophyta	Magnoliopsida	Lamiales	Plantaginaceae	Plantago	NA
ASV_879	Viridiplantae	Streptophyta	Magnoliopsida	Asterales	Asteraceae	Cirsium	NA
ASV_880	Viridiplantae	Streptophyta	Magnoliopsida	Ericales	Ericaceae	Vaccinium	NA
ASV_881	Viridiplantae	Streptophyta	Magnoliopsida	Lamiales	Orobanchaceae	Pedicularis	NA
ASV_882	Viridiplantae	Streptophyta	Magnoliopsida	Ranunculales	Ranunculaceae	Ranunculus	NA
ASV_883	Viridiplantae	Streptophyta	Magnoliopsida	Fabales	Fabaceae	Trifolium	NA
ASV_884	Viridiplantae	Streptophyta	Magnoliopsida	Poales	Poaceae	Saccharum	NA
ASV_885	Viridiplantae	Streptophyta	Magnoliopsida	Caryophyllales	Polygonaceae	Rumex	NA
ASV_886	Viridiplantae	Streptophyta	Magnoliopsida	Fabales	Fabaceae	Lotus	NA
ASV_887	Viridiplantae	Streptophyta	Magnoliopsida	Dipsacales	Caprifoliaceae	Scabiosa	NA
ASV_888	Viridiplantae	Streptophyta	Magnoliopsida	Malpighiales	Salicaceae	Populus	NA
ASV_889	Viridiplantae	Streptophyta	Magnoliopsida	Lamiales	NA	NA	NA
ASV_890	Viridiplantae	Streptophyta	Magnoliopsida	Fabales	Fabaceae	NA	NA
ASV_891	Viridiplantae	Streptophyta	Magnoliopsida	Malvales	Malvaceae	Tilia	NA
ASV_892	Viridiplantae	Streptophyta	Magnoliopsida	Malpighiales	Rhizophoraceae	Kandelia	NA
ASV_893	Viridiplantae	Streptophyta	Magnoliopsida	Lamiales	Lamiaceae	Lamium	NA
ASV_894	Viridiplantae	Streptophyta	Magnoliopsida	Fabales	Fabaceae	Trifolium	NA
ASV_895	Viridiplantae	Streptophyta	Magnoliopsida	Brassicales	Brassicaceae	Capsella	bursa-pastoris
ASV_896	Viridiplantae	Streptophyta	Magnoliopsida	Lamiales	Lamiaceae	Teucrium	NA
ASV_897	Viridiplantae	Streptophyta	Magnoliopsida	Rosales	Rosaceae	Rubus	NA
ASV_898	Viridiplantae	Streptophyta	Magnoliopsida	Apiales	Apiaceae	Eryngium	NA
ASV_899	Viridiplantae	Streptophyta	Magnoliopsida	Lamiales	NA	NA	NA
ASV_900	Viridiplantae	Streptophyta	Magnoliopsida	Lamiales	Plantaginaceae	Linaria	NA
ASV_901	Viridiplantae	Streptophyta	Magnoliopsida	Lamiales	Plantaginaceae	NA	NA
ASV_902	Viridiplantae	Streptophyta	Magnoliopsida	Lamiales	Plantaginaceae	Linaria	NA
ASV_903	Viridiplantae	Streptophyta	Magnoliopsida	Fabales	Fabaceae	Ulex	NA
ASV_904	Viridiplantae	Streptophyta	Magnoliopsida	Brassicales	Brassicaceae	Erysimum	NA
ASV_905	Viridiplantae	Streptophyta	Magnoliopsida	Malpighiales	Hypericaceae	Hypericum	NA
ASV_906	Viridiplantae	Streptophyta	Magnoliopsida	Fabales	Fabaceae	Ulex	NA
ASV_907	Viridiplantae	Streptophyta	Magnoliopsida	Fabales	Polygalaceae	Polygala	NA
ASV_908	Viridiplantae	Streptophyta	Magnoliopsida	NA	NA	NA	NA
ASV_909	Viridiplantae	Streptophyta	Magnoliopsida	Poales	NA	NA	NA
ASV_910	Viridiplantae	Streptophyta	Magnoliopsida	Fabales	Fabaceae	Lathyrus	NA
ASV_911	Viridiplantae	Streptophyta	Magnoliopsida	Fabales	Fabaceae	Lotus	NA
ASV_912	Viridiplantae	Streptophyta	Magnoliopsida	Fabales	Fabaceae	NA	NA
ASV_913	Viridiplantae	Streptophyta	Magnoliopsida	Fabales	Fabaceae	Trifolium	NA
ASV_914	Viridiplantae	Streptophyta	Magnoliopsida	Fabales	Fabaceae	Trifolium	NA
ASV_915	Viridiplantae	Streptophyta	Magnoliopsida	Fabales	Fabaceae	Lotus	NA
ASV_916	Viridiplantae	Streptophyta	Magnoliopsida	NA	NA	NA	NA
ASV_917	Viridiplantae	Streptophyta	Magnoliopsida	Malvales	Malvaceae	Tilia	NA
ASV_918	Viridiplantae	Streptophyta	Magnoliopsida	Asterales	Asteraceae	NA	NA
ASV_919	Viridiplantae	Streptophyta	Magnoliopsida	Fabales	Fabaceae	Genista	NA
ASV_920	Viridiplantae	Streptophyta	Magnoliopsida	Ericales	Ericaceae	Vaccinium	NA
ASV_921	Viridiplantae	Streptophyta	Magnoliopsida	Ericales	Primulaceae	Anagallis	NA
ASV_922	Viridiplantae	Streptophyta	Magnoliopsida	Asterales	Asteraceae	Leucanthemum	NA
ASV_923	Viridiplantae	Streptophyta	Magnoliopsida	Lamiales	Lamiaceae	Teucrium	NA
ASV_924	Viridiplantae	Streptophyta	Magnoliopsida	Fabales	Fabaceae	NA	NA
ASV_925	Viridiplantae	Streptophyta	Magnoliopsida	Fabales	Fabaceae	Trifolium	NA
ASV_926	Viridiplantae	Streptophyta	Magnoliopsida	Fabales	Fabaceae	Trifolium	NA
ASV_927	Viridiplantae	Streptophyta	Magnoliopsida	Caryophyllales	Caryophyllaceae	Dianthus	NA
ASV_928	Viridiplantae	Streptophyta	Magnoliopsida	Fabales	Fabaceae	NA	NA
ASV_929	Viridiplantae	Streptophyta	Magnoliopsida	Fabales	Fabaceae	NA	NA
ASV_930	Viridiplantae	Streptophyta	Magnoliopsida	Fabales	Fabaceae	Lotus	NA
ASV_931	Viridiplantae	Streptophyta	Magnoliopsida	Ericales	Ericaceae	Vaccinium	NA
ASV_932	Viridiplantae	Streptophyta	Magnoliopsida	Lamiales	Lamiaceae	Lamium	NA
ASV_933	Viridiplantae	Streptophyta	Magnoliopsida	Ericales	Ericaceae	Erica	arborea
ASV_934	Viridiplantae	Streptophyta	Magnoliopsida	Rosales	Rosaceae	NA	NA
ASV_935	Viridiplantae	Streptophyta	Magnoliopsida	Lamiales	Plantaginaceae	Plantago	NA
ASV_936	Viridiplantae	Streptophyta	Magnoliopsida	Fabales	Fabaceae	Ulex	NA
ASV_937	Viridiplantae	Streptophyta	Magnoliopsida	Fabales	Fabaceae	Ulex	NA
ASV_938	Viridiplantae	Streptophyta	Magnoliopsida	Boraginales	Boraginaceae	Echium	NA
ASV_939	Viridiplantae	Streptophyta	Magnoliopsida	Rosales	Rosaceae	Rubus	NA
ASV_940	Viridiplantae	Streptophyta	Magnoliopsida	Fabales	Fabaceae	Lotus	NA
ASV_941	Viridiplantae	Streptophyta	Magnoliopsida	Caryophyllales	Caryophyllaceae	Cerastium	NA
ASV_942	Viridiplantae	Streptophyta	Magnoliopsida	Fabales	Fabaceae	Ulex	NA
ASV_943	Viridiplantae	Streptophyta	Magnoliopsida	Boraginales	Boraginaceae	Echium	NA
ASV_944	Viridiplantae	Streptophyta	Magnoliopsida	Fabales	Fabaceae	Lotus	NA
ASV_945	Viridiplantae	Streptophyta	Magnoliopsida	Fabales	Fabaceae	Lotus	NA
ASV_946	Viridiplantae	Streptophyta	Magnoliopsida	Asterales	Asteraceae	Chamaemelum	NA
ASV_947	Viridiplantae	Streptophyta	Magnoliopsida	Fabales	Fabaceae	Trifolium	NA
ASV_948	Viridiplantae	Streptophyta	Magnoliopsida	Solanales	Solanaceae	NA	NA
ASV_949	Viridiplantae	Streptophyta	Magnoliopsida	Caryophyllales	Chenopodiaceae	Chenopodium	NA
ASV_950	Viridiplantae	Streptophyta	Magnoliopsida	Fabales	Fabaceae	Lotus	NA
ASV_951	Viridiplantae	Streptophyta	Magnoliopsida	Lamiales	Lamiaceae	Teucrium	NA
ASV_952	Viridiplantae	Streptophyta	Magnoliopsida	Fabales	Fabaceae	Lotus	NA
ASV_953	Viridiplantae	Streptophyta	Magnoliopsida	Fabales	Fabaceae	Lotus	NA
ASV_954	Viridiplantae	Streptophyta	Magnoliopsida	Fabales	Fabaceae	Lotus	NA
ASV_955	Viridiplantae	Streptophyta	Magnoliopsida	Fabales	Fabaceae	Lotus	NA
ASV_956	Viridiplantae	Streptophyta	Magnoliopsida	NA	NA	NA	NA
ASV_957	Viridiplantae	Streptophyta	Magnoliopsida	Fabales	Fabaceae	Stauracanthus	NA
ASV_958	Viridiplantae	Streptophyta	Magnoliopsida	Fabales	Fabaceae	Lotus	NA
ASV_959	Viridiplantae	Streptophyta	Magnoliopsida	Asterales	Asteraceae	NA	NA
ASV_960	Viridiplantae	Streptophyta	Magnoliopsida	Fabales	Fabaceae	NA	NA
ASV_961	Viridiplantae	Streptophyta	Magnoliopsida	Asterales	Asteraceae	Cirsium	NA
ASV_962	Viridiplantae	Streptophyta	Magnoliopsida	Fabales	Fabaceae	Lotus	NA
ASV_963	Viridiplantae	Streptophyta	Magnoliopsida	Asterales	Asteraceae	Carduus	NA
ASV_964	Viridiplantae	Streptophyta	Magnoliopsida	Fagales	Fagaceae	Quercus	NA
ASV_965	Viridiplantae	Streptophyta	Magnoliopsida	Asterales	Campanulaceae	Jasione	NA
ASV_966	Viridiplantae	Streptophyta	Magnoliopsida	Fabales	Fabaceae	Genista	NA
ASV_967	Viridiplantae	Streptophyta	Magnoliopsida	Fagales	Fagaceae	Castanea	NA
ASV_968	Viridiplantae	Streptophyta	Magnoliopsida	Fabales	Fabaceae	Lotus	NA
ASV_969	Viridiplantae	Streptophyta	Magnoliopsida	Fabales	Fabaceae	Lotus	NA
ASV_970	Viridiplantae	Streptophyta	Magnoliopsida	Fabales	Fabaceae	Lotus	NA
ASV_971	Viridiplantae	Streptophyta	Magnoliopsida	Fabales	Fabaceae	Ulex	NA
ASV_972	Viridiplantae	Streptophyta	Magnoliopsida	Lamiales	Orobanchaceae	Pedicularis	NA
ASV_973	Viridiplantae	Streptophyta	Magnoliopsida	Fabales	Fabaceae	Lotus	NA
ASV_974	Viridiplantae	Streptophyta	Magnoliopsida	Fabales	Fabaceae	Lotus	NA
ASV_975	Viridiplantae	Streptophyta	Magnoliopsida	Fabales	Fabaceae	Ulex	NA
ASV_976	Viridiplantae	Streptophyta	Magnoliopsida	Fabales	Fabaceae	Ulex	NA
ASV_977	Viridiplantae	Streptophyta	Magnoliopsida	Fabales	Fabaceae	Lotus	NA
ASV_978	Viridiplantae	Streptophyta	Magnoliopsida	Ericales	Ericaceae	Daboecia	NA
ASV_979	Viridiplantae	Streptophyta	Magnoliopsida	Ericales	Ericaceae	Vaccinium	NA
ASV_980	Viridiplantae	Streptophyta	Magnoliopsida	Lamiales	Plantaginaceae	Globularia	NA
ASV_981	Viridiplantae	Streptophyta	Magnoliopsida	Ericales	Ericaceae	Daboecia	NA
ASV_982	Viridiplantae	Streptophyta	Magnoliopsida	Geraniales	Geraniaceae	Geranium	NA
ASV_983	Viridiplantae	Streptophyta	Magnoliopsida	Brassicales	Brassicaceae	Erysimum	NA
ASV_984	Viridiplantae	Streptophyta	Magnoliopsida	Ericales	Ericaceae	Daboecia	NA
ASV_985	Viridiplantae	Streptophyta	Magnoliopsida	Asterales	Asteraceae	Cirsium	NA
ASV_986	Viridiplantae	Streptophyta	Magnoliopsida	Fabales	Fabaceae	Trifolium	NA
ASV_987	Viridiplantae	Streptophyta	Magnoliopsida	NA	NA	NA	NA
ASV_988	Viridiplantae	Streptophyta	Magnoliopsida	Rosales	Rosaceae	NA	NA
ASV_989	Viridiplantae	Streptophyta	Magnoliopsida	Lamiales	Plantaginaceae	Linaria	NA
ASV_990	Viridiplantae	Streptophyta	Magnoliopsida	Fabales	Fabaceae	Lotus	NA
ASV_991	Viridiplantae	Streptophyta	Magnoliopsida	Fabales	Fabaceae	Lotus	NA
ASV_992	Viridiplantae	Streptophyta	Magnoliopsida	Lamiales	Plantaginaceae	Plantago	NA
ASV_993	Viridiplantae	Streptophyta	Magnoliopsida	Fabales	Fabaceae	Ulex	NA
ASV_994	Viridiplantae	Streptophyta	Magnoliopsida	Lamiales	Plantaginaceae	Plantago	NA
ASV_995	Viridiplantae	Streptophyta	Magnoliopsida	Fabales	Fabaceae	Trifolium	NA
ASV_996	Viridiplantae	Streptophyta	Magnoliopsida	Fabales	Fabaceae	Trifolium	NA
ASV_997	Viridiplantae	Streptophyta	Magnoliopsida	Fabales	Fabaceae	Lotus	NA
ASV_998	Viridiplantae	Streptophyta	Magnoliopsida	Lamiales	Orobanchaceae	Pedicularis	NA
ASV_999	Viridiplantae	Streptophyta	Magnoliopsida	Lamiales	Orobanchaceae	Pedicularis	NA
ASV_1000	Viridiplantae	Streptophyta	Magnoliopsida	Lamiales	Lamiaceae	Lamium	NA
ASV_1001	Viridiplantae	Streptophyta	Magnoliopsida	Fabales	Fabaceae	Lotus	NA
ASV_1002	Viridiplantae	Streptophyta	Magnoliopsida	Fabales	Fabaceae	Ulex	NA
ASV_1003	Viridiplantae	Streptophyta	Magnoliopsida	Lamiales	Lamiaceae	Teucrium	NA
ASV_1004	Viridiplantae	Streptophyta	Magnoliopsida	Fabales	Fabaceae	Ulex	NA
ASV_1005	Viridiplantae	Streptophyta	Magnoliopsida	Asterales	Asteraceae	Cirsium	NA
ASV_1006	Viridiplantae	Streptophyta	Magnoliopsida	Fabales	Fabaceae	Ulex	NA
ASV_1007	Viridiplantae	Streptophyta	Magnoliopsida	Rosales	Rosaceae	Potentilla	NA
ASV_1008	Viridiplantae	Streptophyta	Magnoliopsida	Fabales	Fabaceae	Vicia	NA
ASV_1009	Viridiplantae	Streptophyta	Magnoliopsida	Boraginales	Boraginaceae	Echium	NA
ASV_1010	Viridiplantae	Streptophyta	Magnoliopsida	Fabales	Fabaceae	Anthyllis	NA
ASV_1011	Viridiplantae	Streptophyta	Magnoliopsida	Lamiales	Orobanchaceae	Pedicularis	NA
ASV_1012	Viridiplantae	Streptophyta	Magnoliopsida	Fabales	Fabaceae	Lotus	NA
ASV_1013	Viridiplantae	Streptophyta	Magnoliopsida	Asterales	Asteraceae	Carthamus	NA
ASV_1014	Viridiplantae	Streptophyta	Magnoliopsida	Fabales	Fabaceae	Trifolium	NA
ASV_1015	Viridiplantae	Streptophyta	Magnoliopsida	Fabales	Fabaceae	Trifolium	NA
ASV_1016	Viridiplantae	Streptophyta	Magnoliopsida	Boraginales	Boraginaceae	NA	NA
ASV_1017	Viridiplantae	Streptophyta	Magnoliopsida	Fabales	Fabaceae	Ulex	NA
ASV_1018	Viridiplantae	Streptophyta	Magnoliopsida	NA	NA	NA	NA
ASV_1019	Viridiplantae	Streptophyta	Magnoliopsida	Fabales	Fabaceae	Lotus	NA
ASV_1020	Viridiplantae	Streptophyta	Magnoliopsida	Lamiales	Orobanchaceae	Brandisia	NA
ASV_1021	Viridiplantae	Streptophyta	Magnoliopsida	Boraginales	Boraginaceae	Myosotis	NA
ASV_1022	Viridiplantae	Streptophyta	Magnoliopsida	Lamiales	Plantaginaceae	Linaria	NA
ASV_1023	Viridiplantae	Streptophyta	Magnoliopsida	Fabales	Fabaceae	NA	NA
ASV_1024	Viridiplantae	Streptophyta	Magnoliopsida	Fabales	Fabaceae	Ulex	NA
ASV_1025	Viridiplantae	Streptophyta	Magnoliopsida	Ericales	Ericaceae	Vaccinium	NA
ASV_1026	Viridiplantae	Streptophyta	Magnoliopsida	Fabales	Fabaceae	Vicia	NA
ASV_1027	Viridiplantae	Streptophyta	Magnoliopsida	Fabales	Fabaceae	Lotus	NA
ASV_1028	Viridiplantae	Streptophyta	Magnoliopsida	Fabales	Fabaceae	Lotus	NA
ASV_1029	Viridiplantae	Streptophyta	Magnoliopsida	Fagales	Fagaceae	Castanea	NA
ASV_1030	Viridiplantae	Streptophyta	Magnoliopsida	Fabales	Fabaceae	Ulex	NA
ASV_1031	Viridiplantae	Streptophyta	Magnoliopsida	Dipsacales	Caprifoliaceae	Knautia	NA
ASV_1032	Viridiplantae	Streptophyta	Magnoliopsida	Dioscoreales	Dioscoreaceae	Dioscorea	NA
ASV_1033	Viridiplantae	Streptophyta	Magnoliopsida	Fabales	Fabaceae	Trifolium	NA
ASV_1034	Viridiplantae	Streptophyta	Magnoliopsida	NA	NA	NA	NA
ASV_1035	Viridiplantae	Streptophyta	Magnoliopsida	Lamiales	Orobanchaceae	Pedicularis	NA
ASV_1036	Viridiplantae	Streptophyta	Magnoliopsida	Boraginales	Boraginaceae	Myosotis	NA
ASV_1037	Viridiplantae	Streptophyta	Magnoliopsida	Fabales	Fabaceae	Lotus	NA
ASV_1038	Viridiplantae	Streptophyta	Magnoliopsida	Fabales	Fabaceae	Ulex	NA
ASV_1039	Viridiplantae	Streptophyta	Magnoliopsida	Fabales	Fabaceae	Lotus	NA
ASV_1040	Viridiplantae	Streptophyta	Magnoliopsida	Malvales	Cistaceae	Helianthemum	NA
ASV_1041	Viridiplantae	Streptophyta	Magnoliopsida	Ericales	Ericaceae	NA	NA
ASV_1042	Viridiplantae	Streptophyta	Magnoliopsida	Boraginales	Boraginaceae	Symphytum	NA
ASV_1043	Viridiplantae	Streptophyta	Magnoliopsida	Solanales	Solanaceae	Solanum	NA
ASV_1044	Viridiplantae	Streptophyta	Magnoliopsida	Rosales	Rosaceae	NA	NA
ASV_1045	Viridiplantae	Streptophyta	Magnoliopsida	Fabales	Fabaceae	Vicia	NA
ASV_1046	Viridiplantae	Streptophyta	Magnoliopsida	Rosales	Rosaceae	Rosa	NA
ASV_1047	Viridiplantae	Streptophyta	Magnoliopsida	Fabales	Fabaceae	Lotus	NA
ASV_1048	Viridiplantae	Streptophyta	Magnoliopsida	Fabales	Fabaceae	Lotus	NA
ASV_1049	Viridiplantae	Streptophyta	Magnoliopsida	Fabales	Fabaceae	NA	NA
ASV_1050	Viridiplantae	Streptophyta	Magnoliopsida	Fabales	Fabaceae	Stauracanthus	NA
ASV_1051	Viridiplantae	Streptophyta	Magnoliopsida	Fabales	Fabaceae	Ulex	NA
ASV_1052	Viridiplantae	Streptophyta	Magnoliopsida	Asterales	Asteraceae	Cirsium	NA
ASV_1053	Viridiplantae	Streptophyta	Magnoliopsida	Fabales	Fabaceae	NA	NA
ASV_1054	Viridiplantae	Streptophyta	Magnoliopsida	Malpighiales	Violaceae	Viola	NA
ASV_1055	Viridiplantae	Streptophyta	Magnoliopsida	Asterales	Asteraceae	Taraxacum	(sect.
ASV_1056	Viridiplantae	Streptophyta	Magnoliopsida	Lamiales	Plantaginaceae	Globularia	NA
ASV_1057	Viridiplantae	Streptophyta	Magnoliopsida	Rosales	Rosaceae	NA	NA
ASV_1058	Viridiplantae	Streptophyta	Magnoliopsida	Fabales	Fabaceae	Lotus	NA
ASV_1059	Viridiplantae	Streptophyta	Magnoliopsida	Fabales	Fabaceae	Lotus	NA
ASV_1060	Viridiplantae	Streptophyta	Magnoliopsida	Fabales	Fabaceae	Lotus	NA
ASV_1061	Viridiplantae	Streptophyta	Magnoliopsida	Fabales	Fabaceae	Trifolium	NA
ASV_1062	Viridiplantae	Streptophyta	Magnoliopsida	Apiales	Apiaceae	Libanotis	NA
ASV_1063	Viridiplantae	Streptophyta	Magnoliopsida	Boraginales	Boraginaceae	Myosotis	NA
ASV_1064	Viridiplantae	Streptophyta	Magnoliopsida	Fabales	Fabaceae	Lotus	NA
ASV_1065	Viridiplantae	Streptophyta	Magnoliopsida	Lamiales	Scrophulariaceae	Scrophularia	NA
ASV_1066	Viridiplantae	Streptophyta	Magnoliopsida	Fabales	Fabaceae	NA	NA
ASV_1067	Viridiplantae	Streptophyta	Magnoliopsida	Lamiales	Lamiaceae	Lamium	NA
ASV_1068	Viridiplantae	Streptophyta	Magnoliopsida	Fabales	Fabaceae	Lotus	NA
ASV_1069	Viridiplantae	Streptophyta	Magnoliopsida	Fabales	Fabaceae	Ulex	NA
ASV_1070	Viridiplantae	Streptophyta	Magnoliopsida	Fabales	Fabaceae	Ulex	NA
ASV_1071	Viridiplantae	Streptophyta	Magnoliopsida	Fabales	Fabaceae	Lotus	NA
ASV_1072	Viridiplantae	Streptophyta	Magnoliopsida	Asterales	Asteraceae	Jacobaea	NA
ASV_1073	Viridiplantae	Streptophyta	Magnoliopsida	Asterales	Asteraceae	Cirsium	NA
ASV_1074	Viridiplantae	Streptophyta	Magnoliopsida	Poales	Poaceae	Agrostis	NA
ASV_1075	Viridiplantae	Streptophyta	Magnoliopsida	Fabales	Fabaceae	NA	NA
ASV_1076	Viridiplantae	Streptophyta	Magnoliopsida	Rosales	Rosaceae	NA	NA
ASV_1077	Viridiplantae	Streptophyta	Magnoliopsida	Fabales	Fabaceae	Lotus	NA
ASV_1078	Viridiplantae	Streptophyta	Magnoliopsida	Fabales	Fabaceae	NA	NA
ASV_1079	Viridiplantae	Streptophyta	Magnoliopsida	Fabales	Fabaceae	Lotus	NA
ASV_1080	Viridiplantae	Streptophyta	Magnoliopsida	Fabales	Fabaceae	Lotus	NA
ASV_1081	Viridiplantae	Streptophyta	Magnoliopsida	Fabales	Fabaceae	Lotus	NA
ASV_1082	Viridiplantae	Streptophyta	Magnoliopsida	Fabales	Fabaceae	Lotus	NA
ASV_1083	Viridiplantae	Streptophyta	Magnoliopsida	Fabales	Fabaceae	Lotus	NA
ASV_1084	Viridiplantae	Streptophyta	Magnoliopsida	Fabales	Fabaceae	Ulex	NA
ASV_1085	Viridiplantae	Streptophyta	Magnoliopsida	Lamiales	Orobanchaceae	Pedicularis	NA
ASV_1086	Viridiplantae	Streptophyta	Magnoliopsida	Fabales	Fabaceae	Lotus	NA
ASV_1087	Viridiplantae	Streptophyta	Magnoliopsida	Lamiales	Orobanchaceae	Euphrasia	NA
ASV_1088	Viridiplantae	Streptophyta	Magnoliopsida	Fabales	Fabaceae	Ulex	NA
ASV_1089	Viridiplantae	Streptophyta	Magnoliopsida	Asterales	Asteraceae	NA	NA
ASV_1090	Viridiplantae	Streptophyta	Magnoliopsida	Fabales	Fabaceae	Lotus	NA
ASV_1091	Viridiplantae	Streptophyta	Magnoliopsida	Fabales	Fabaceae	Ulex	NA
ASV_1092	Viridiplantae	Streptophyta	Magnoliopsida	Ericales	Ericaceae	NA	NA
ASV_1093	Viridiplantae	Streptophyta	Magnoliopsida	Fabales	Fabaceae	Lotus	NA
ASV_1094	Viridiplantae	Streptophyta	Magnoliopsida	Fabales	Fabaceae	Lotus	NA
ASV_1095	Viridiplantae	Streptophyta	Magnoliopsida	Lamiales	Plantaginaceae	Plantago	NA
ASV_1096	Viridiplantae	Streptophyta	Magnoliopsida	Caryophyllales	Chenopodiaceae	Atriplex	NA
ASV_1097	Viridiplantae	Streptophyta	Magnoliopsida	Caryophyllales	Phytolaccaceae	Phytolacca	americana
ASV_1098	Viridiplantae	Streptophyta	Magnoliopsida	Fabales	Fabaceae	Trifolium	NA
ASV_1099	Viridiplantae	Streptophyta	Magnoliopsida	Fabales	Fabaceae	Lotus	NA
ASV_1100	Viridiplantae	Streptophyta	Magnoliopsida	Fabales	Fabaceae	Lotus	NA
ASV_1101	Viridiplantae	Streptophyta	Magnoliopsida	Fabales	Fabaceae	NA	NA
ASV_1102	Viridiplantae	Streptophyta	Magnoliopsida	Rosales	Rosaceae	Rubus	NA
ASV_1103	Viridiplantae	Streptophyta	Magnoliopsida	Lamiales	Lamiaceae	Teucrium	NA
ASV_1104	Viridiplantae	Streptophyta	Magnoliopsida	Fabales	Fabaceae	Lotus	NA
ASV_1105	Viridiplantae	Streptophyta	Magnoliopsida	Fabales	Fabaceae	Lotus	NA
ASV_1106	Viridiplantae	Streptophyta	Magnoliopsida	Fabales	Fabaceae	NA	NA
ASV_1107	Viridiplantae	Streptophyta	Magnoliopsida	Lamiales	Lamiaceae	Lamium	NA
ASV_1108	Viridiplantae	Streptophyta	Magnoliopsida	Fagales	Fagaceae	Castanea	NA
ASV_1109	Viridiplantae	Streptophyta	Magnoliopsida	Fabales	Fabaceae	NA	NA
ASV_1110	Viridiplantae	Streptophyta	Magnoliopsida	Asterales	Asteraceae	Bellis	NA
ASV_1111	Viridiplantae	Streptophyta	Magnoliopsida	Fabales	Fabaceae	Genista	NA
ASV_1112	Viridiplantae	Streptophyta	Magnoliopsida	Lamiales	Lamiaceae	Glechoma	NA
ASV_1113	Viridiplantae	Streptophyta	Magnoliopsida	Caryophyllales	Polygonaceae	Rumex	NA
ASV_1114	Viridiplantae	Streptophyta	Magnoliopsida	Rosales	Rosaceae	NA	NA
ASV_1115	Viridiplantae	Streptophyta	Magnoliopsida	Fabales	Fabaceae	Lotus	NA
ASV_1116	Viridiplantae	Streptophyta	Magnoliopsida	Fabales	Fabaceae	Lotus	NA
ASV_1117	Viridiplantae	Streptophyta	Magnoliopsida	Lamiales	Plantaginaceae	Plantago	NA
ASV_1118	Viridiplantae	Streptophyta	Magnoliopsida	Fabales	Fabaceae	NA	NA
ASV_1119	Viridiplantae	Streptophyta	Magnoliopsida	Asterales	Asteraceae	Carduus	NA
ASV_1120	Viridiplantae	Streptophyta	Magnoliopsida	Fabales	Fabaceae	Lotus	NA
ASV_1121	Viridiplantae	Streptophyta	Magnoliopsida	Fabales	Fabaceae	Lotus	NA
ASV_1122	Viridiplantae	Streptophyta	Magnoliopsida	Fabales	Fabaceae	Lotus	NA
ASV_1123	Viridiplantae	Streptophyta	Magnoliopsida	Lamiales	Orobanchaceae	Pedicularis	NA
ASV_1124	Viridiplantae	Streptophyta	Magnoliopsida	NA	NA	NA	NA
ASV_1125	Viridiplantae	Streptophyta	Magnoliopsida	Fabales	Fabaceae	Lotus	NA
ASV_1126	Viridiplantae	Streptophyta	Magnoliopsida	Fabales	Fabaceae	Ulex	NA
ASV_1127	Viridiplantae	Streptophyta	Magnoliopsida	Poales	Poaceae	Agrostis	NA
ASV_1128	Viridiplantae	Streptophyta	Magnoliopsida	Fagales	Fagaceae	Castanea	NA
ASV_1129	Viridiplantae	Streptophyta	Magnoliopsida	Fabales	Fabaceae	Lotus	NA
ASV_1130	Viridiplantae	Streptophyta	Magnoliopsida	Fabales	Fabaceae	Lotus	NA
ASV_1131	Viridiplantae	Streptophyta	Magnoliopsida	Fabales	Fabaceae	Genista	NA
ASV_1132	Viridiplantae	Streptophyta	Magnoliopsida	Ericales	Ericaceae	Vaccinium	NA
ASV_1133	Viridiplantae	Streptophyta	Magnoliopsida	Malpighiales	Violaceae	Viola	NA
ASV_1134	Viridiplantae	Streptophyta	Magnoliopsida	Ericales	Ericaceae	Vaccinium	NA
ASV_1135	Viridiplantae	Streptophyta	Magnoliopsida	Malpighiales	Violaceae	Viola	NA
ASV_1136	Viridiplantae	Streptophyta	Magnoliopsida	Fagales	Fagaceae	Quercus	NA
ASV_1137	Viridiplantae	Streptophyta	Magnoliopsida	Fabales	Fabaceae	Vicia	NA
ASV_1138	Viridiplantae	Streptophyta	Magnoliopsida	Poales	Poaceae	NA	NA
ASV_1139	Viridiplantae	Streptophyta	Magnoliopsida	Fabales	Fabaceae	Vicia	NA
ASV_1140	Viridiplantae	Streptophyta	Magnoliopsida	Fabales	Fabaceae	Lotus	NA
ASV_1141	Viridiplantae	Streptophyta	Magnoliopsida	Fabales	Fabaceae	Lotus	NA
ASV_1142	Viridiplantae	Streptophyta	Magnoliopsida	Fabales	Fabaceae	Lotus	NA
ASV_1143	Viridiplantae	Streptophyta	Magnoliopsida	Rosales	Rosaceae	Rosa	canina/environmental
ASV_1144	Viridiplantae	Streptophyta	Magnoliopsida	Fabales	Fabaceae	Lotus	NA
ASV_1145	Viridiplantae	Streptophyta	Magnoliopsida	Fabales	Fabaceae	Trifolium	NA
ASV_1146	Viridiplantae	Streptophyta	Magnoliopsida	Fabales	Fabaceae	Stauracanthus	NA
ASV_1147	Viridiplantae	Streptophyta	Magnoliopsida	Fabales	Fabaceae	Lotus	NA
ASV_1148	Viridiplantae	Streptophyta	Magnoliopsida	Fabales	Fabaceae	Lotus	NA
ASV_1149	Viridiplantae	Streptophyta	Magnoliopsida	Fabales	Fabaceae	Ulex	NA
ASV_1150	Viridiplantae	Streptophyta	Magnoliopsida	Fabales	Fabaceae	Lotus	NA
ASV_1151	Viridiplantae	Streptophyta	Magnoliopsida	Lamiales	Lamiaceae	Lamium	NA
ASV_1152	Viridiplantae	Streptophyta	Magnoliopsida	Lamiales	Orobanchaceae	Pedicularis	NA
ASV_1153	Viridiplantae	Streptophyta	Magnoliopsida	Fabales	Fabaceae	Lotus	NA
ASV_1154	Viridiplantae	Streptophyta	Magnoliopsida	Fabales	Fabaceae	Lotus	NA
ASV_1155	Viridiplantae	Streptophyta	Magnoliopsida	Fabales	Fabaceae	Stauracanthus	NA
ASV_1156	Viridiplantae	Streptophyta	Magnoliopsida	Fabales	Fabaceae	Ulex	NA
ASV_1157	Viridiplantae	Streptophyta	Magnoliopsida	Asterales	Asteraceae	Picnomon	NA
ASV_1158	Viridiplantae	Streptophyta	Magnoliopsida	Fabales	Fabaceae	Trifolium	NA
ASV_1159	Viridiplantae	Streptophyta	Magnoliopsida	Fabales	Fabaceae	Lotus	NA
ASV_1160	Viridiplantae	Streptophyta	Magnoliopsida	Ericales	Ericaceae	Vaccinium	NA
ASV_1161	Viridiplantae	Streptophyta	Magnoliopsida	Ericales	Ericaceae	Vaccinium	NA
ASV_1162	Viridiplantae	Streptophyta	Magnoliopsida	Brassicales	Brassicaceae	Arabidopsis	NA
ASV_1163	Viridiplantae	Streptophyta	Magnoliopsida	Rosales	Rosaceae	Hesperomeles	NA
ASV_1164	Viridiplantae	Streptophyta	Magnoliopsida	Rosales	Rosaceae	NA	NA
ASV_1165	Viridiplantae	Streptophyta	Magnoliopsida	Fabales	Fabaceae	Lotus	NA
ASV_1166	Viridiplantae	Streptophyta	Magnoliopsida	Fabales	Fabaceae	Ulex	NA
ASV_1167	Viridiplantae	Streptophyta	Magnoliopsida	Fabales	Fabaceae	Ulex	NA
ASV_1168	Viridiplantae	Streptophyta	Magnoliopsida	Fabales	Fabaceae	Trifolium	NA
ASV_1169	Viridiplantae	Streptophyta	Magnoliopsida	Rosales	Rosaceae	NA	NA
ASV_1170	Viridiplantae	Streptophyta	Magnoliopsida	Fabales	Fabaceae	Lotus	NA
ASV_1171	Viridiplantae	Streptophyta	Magnoliopsida	Fabales	Fabaceae	Trifolium	NA
ASV_1172	Viridiplantae	Streptophyta	Magnoliopsida	Rosales	Rosaceae	Rubus	NA
ASV_1173	Viridiplantae	Streptophyta	Magnoliopsida	Fabales	Fabaceae	Lotus	NA
ASV_1174	Viridiplantae	Streptophyta	Magnoliopsida	Lamiales	Orobanchaceae	Pedicularis	NA
ASV_1175	Viridiplantae	Streptophyta	Magnoliopsida	Lamiales	Lamiaceae	Lamium	NA
ASV_1176	Viridiplantae	Streptophyta	Magnoliopsida	Ericales	Ericaceae	Daboecia	NA
ASV_1177	Viridiplantae	Streptophyta	Magnoliopsida	Fabales	Fabaceae	Lotus	NA
ASV_1178	Viridiplantae	Streptophyta	Magnoliopsida	Brassicales	Brassicaceae	Erysimum	NA
ASV_1179	Viridiplantae	Streptophyta	Magnoliopsida	Ericales	Ericaceae	Daboecia	NA
ASV_1180	Viridiplantae	Streptophyta	Magnoliopsida	Lamiales	Plantaginaceae	Plantago	NA
ASV_1181	Viridiplantae	Streptophyta	Magnoliopsida	Fabales	Fabaceae	Lotus	NA
ASV_1182	Viridiplantae	Streptophyta	Magnoliopsida	Rosales	Rosaceae	NA	NA
ASV_1183	Viridiplantae	Streptophyta	Magnoliopsida	Rosales	Rosaceae	Rosa	NA
ASV_1184	Viridiplantae	Streptophyta	Magnoliopsida	Fabales	Fabaceae	Lotus	NA
ASV_1185	Viridiplantae	Streptophyta	Magnoliopsida	Poales	Poaceae	Festuca	NA
ASV_1186	Viridiplantae	Streptophyta	Magnoliopsida	Fabales	Fabaceae	Lotus	NA
ASV_1187	Viridiplantae	Streptophyta	Magnoliopsida	Lamiales	Plantaginaceae	Plantago	NA
ASV_1188	Viridiplantae	Streptophyta	Magnoliopsida	Fabales	Fabaceae	Ulex	NA
ASV_1189	Viridiplantae	Streptophyta	Magnoliopsida	Fabales	Fabaceae	Ulex	NA
ASV_1190	Viridiplantae	Streptophyta	Magnoliopsida	Rosales	Rosaceae	Rubus	NA
ASV_1191	Viridiplantae	Streptophyta	Magnoliopsida	Asterales	Asteraceae	Leontodon	NA
ASV_1192	Viridiplantae	Streptophyta	Magnoliopsida	Lamiales	Plantaginaceae	Linaria	NA
ASV_1193	Viridiplantae	Streptophyta	Magnoliopsida	Fabales	Fabaceae	Trifolium	NA
ASV_1194	Viridiplantae	Streptophyta	Magnoliopsida	Rosales	Rosaceae	Potentilla	NA
ASV_1195	Viridiplantae	Streptophyta	Magnoliopsida	Fabales	Fabaceae	Vicia	NA
ASV_1196	Viridiplantae	Streptophyta	Magnoliopsida	Rosales	Rosaceae	NA	NA
ASV_1197	Viridiplantae	Streptophyta	Magnoliopsida	Fabales	Fabaceae	Lotus	NA
ASV_1198	Viridiplantae	Streptophyta	Magnoliopsida	Lamiales	Plantaginaceae	Veronica	NA
ASV_1199	Viridiplantae	Streptophyta	Magnoliopsida	Fabales	Fabaceae	Lotus	NA
ASV_1200	Viridiplantae	Streptophyta	Magnoliopsida	Lamiales	Orobanchaceae	Pedicularis	NA
ASV_1201	Viridiplantae	Streptophyta	Magnoliopsida	Lamiales	Orobanchaceae	Pedicularis	NA
ASV_1202	Viridiplantae	Streptophyta	Magnoliopsida	Fabales	Fabaceae	Lotus	NA
ASV_1203	Viridiplantae	Streptophyta	Magnoliopsida	Fabales	Fabaceae	Hippocrepis	NA
ASV_1204	Viridiplantae	Streptophyta	Magnoliopsida	Fabales	Fabaceae	Ulex	NA
ASV_1205	Viridiplantae	Streptophyta	Magnoliopsida	Fabales	Fabaceae	Lotus	NA
ASV_1206	Viridiplantae	Streptophyta	Magnoliopsida	Fabales	Fabaceae	Lotus	NA
ASV_1207	Viridiplantae	Streptophyta	Magnoliopsida	Asterales	Asteraceae	NA	NA
ASV_1208	Viridiplantae	Streptophyta	Magnoliopsida	Asterales	Asteraceae	NA	NA
ASV_1209	Viridiplantae	Streptophyta	Magnoliopsida	Asterales	Asteraceae	NA	NA
ASV_1210	Viridiplantae	Streptophyta	Magnoliopsida	Fabales	Fabaceae	Ulex	NA
ASV_1211	Viridiplantae	Streptophyta	Magnoliopsida	Fabales	Fabaceae	Lotus	NA
ASV_1212	Viridiplantae	Streptophyta	Magnoliopsida	Fabales	Fabaceae	Lotus	NA
ASV_1213	Viridiplantae	Streptophyta	Magnoliopsida	Fabales	Fabaceae	Trifolium	NA
ASV_1214	Viridiplantae	Streptophyta	Magnoliopsida	Ericales	Ericaceae	Vaccinium	NA
ASV_1215	Viridiplantae	Streptophyta	Magnoliopsida	Malpighiales	Violaceae	Viola	NA
ASV_1216	Viridiplantae	Streptophyta	Magnoliopsida	Ericales	Ericaceae	Vaccinium	NA
ASV_1217	Viridiplantae	Streptophyta	Magnoliopsida	Gentianales	Gentianaceae	Gentiana	NA
ASV_1218	Viridiplantae	Streptophyta	Magnoliopsida	Lamiales	Lamiaceae	Lamium	NA
ASV_1219	Viridiplantae	Streptophyta	Magnoliopsida	Fabales	Fabaceae	Vicia	NA
ASV_1220	Viridiplantae	Streptophyta	Magnoliopsida	Fabales	Fabaceae	Lotus	NA
ASV_1221	Viridiplantae	Streptophyta	Magnoliopsida	Fabales	Fabaceae	Lotus	NA
ASV_1222	Viridiplantae	Streptophyta	Magnoliopsida	Fabales	Fabaceae	Lotus	NA
ASV_1223	Viridiplantae	Streptophyta	Magnoliopsida	Fabales	Fabaceae	Lotus	NA
ASV_1224	Viridiplantae	Streptophyta	Magnoliopsida	Fabales	Fabaceae	Lotus	NA
ASV_1225	Viridiplantae	Streptophyta	Magnoliopsida	Ericales	Ericaceae	Daboecia	NA
ASV_1226	Viridiplantae	Streptophyta	Magnoliopsida	Fabales	Fabaceae	Trifolium	NA
ASV_1227	Viridiplantae	Streptophyta	Magnoliopsida	Fabales	Fabaceae	Lotus	NA
ASV_1228	Viridiplantae	Streptophyta	Magnoliopsida	Lamiales	Plantaginaceae	Linaria	NA
ASV_1229	Viridiplantae	Streptophyta	Magnoliopsida	Ericales	Ericaceae	Vaccinium	vitis-idaea
ASV_1230	Viridiplantae	Streptophyta	Magnoliopsida	Lamiales	Plantaginaceae	NA	NA
ASV_1231	Viridiplantae	Streptophyta	Magnoliopsida	Fabales	Fabaceae	Trifolium	NA
ASV_1232	Viridiplantae	Streptophyta	Magnoliopsida	NA	NA	NA	NA
ASV_1233	Viridiplantae	Streptophyta	Magnoliopsida	Fabales	Fabaceae	NA	NA
ASV_1234	Viridiplantae	Streptophyta	Magnoliopsida	Fabales	Fabaceae	Lotus	NA
ASV_1235	Viridiplantae	Streptophyta	Magnoliopsida	Lamiales	Orobanchaceae	Pedicularis	NA
ASV_1236	Viridiplantae	Streptophyta	Magnoliopsida	Lamiales	Plantaginaceae	Linaria	NA
ASV_1237	Viridiplantae	Streptophyta	Magnoliopsida	Ericales	Ericaceae	Daboecia	NA
ASV_1238	Viridiplantae	Streptophyta	Magnoliopsida	Fabales	Fabaceae	Ulex	NA
ASV_1239	Viridiplantae	Streptophyta	Magnoliopsida	Fabales	Fabaceae	NA	NA
ASV_1240	Viridiplantae	Streptophyta	Magnoliopsida	Fabales	Fabaceae	Lotus	NA
ASV_1241	Viridiplantae	Streptophyta	Magnoliopsida	Ericales	Ericaceae	Daboecia	NA
ASV_1242	Viridiplantae	Streptophyta	Magnoliopsida	Fabales	Fabaceae	Lotus	NA
ASV_1243	Viridiplantae	Streptophyta	Magnoliopsida	Fabales	Fabaceae	Ulex	NA
ASV_1244	Viridiplantae	Streptophyta	Magnoliopsida	Asterales	Campanulaceae	Jasione	NA
ASV_1245	Viridiplantae	Streptophyta	Magnoliopsida	Malpighiales	Violaceae	Viola	NA
ASV_1246	Viridiplantae	Streptophyta	Magnoliopsida	Ericales	Ericaceae	Vaccinium	NA
ASV_1247	Viridiplantae	Streptophyta	Magnoliopsida	Ericales	Ericaceae	Vaccinium	NA
ASV_1248	Viridiplantae	Streptophyta	Magnoliopsida	Poales	Poaceae	Aegilops	NA
ASV_1249	Viridiplantae	Streptophyta	Magnoliopsida	Brassicales	Brassicaceae	Sisymbrium	NA
ASV_1250	Viridiplantae	Streptophyta	Magnoliopsida	Lamiales	Plantaginaceae	Plantago	NA
ASV_1251	Viridiplantae	Streptophyta	Magnoliopsida	Fabales	Fabaceae	Lotus	NA
ASV_1252	Viridiplantae	Streptophyta	Magnoliopsida	Lamiales	NA	NA	NA
ASV_1253	Viridiplantae	Streptophyta	Magnoliopsida	Lamiales	Plantaginaceae	NA	NA
ASV_1254	Viridiplantae	Streptophyta	Magnoliopsida	Poales	Poaceae	NA	NA
ASV_1255	Viridiplantae	Streptophyta	Magnoliopsida	Fabales	Fabaceae	Trifolium	NA
ASV_1256	Viridiplantae	Streptophyta	Magnoliopsida	Fabales	Fabaceae	Lotus	NA
ASV_1257	Viridiplantae	Streptophyta	Magnoliopsida	Fabales	Fabaceae	Lotus	NA
ASV_1258	Viridiplantae	Streptophyta	Magnoliopsida	Fabales	Fabaceae	Lotus	NA
ASV_1259	Viridiplantae	Streptophyta	Magnoliopsida	Fabales	Fabaceae	Lotus	NA
ASV_1260	Viridiplantae	Streptophyta	Magnoliopsida	Lamiales	Lamiaceae	Lamium	NA
ASV_1261	Viridiplantae	Streptophyta	Magnoliopsida	Asterales	Asteraceae	Leontodon	NA
ASV_1262	Viridiplantae	Streptophyta	Magnoliopsida	Fabales	Fabaceae	Lotus	NA
ASV_1263	Viridiplantae	Streptophyta	Magnoliopsida	Boraginales	Boraginaceae	Myosotis	NA
ASV_1264	Viridiplantae	Streptophyta	Magnoliopsida	Fabales	Fabaceae	Ulex	NA
ASV_1265	Viridiplantae	Streptophyta	Magnoliopsida	Fabales	Fabaceae	Ulex	NA
ASV_1266	Viridiplantae	Streptophyta	Magnoliopsida	Fabales	Fabaceae	Ulex	NA
ASV_1267	Viridiplantae	Streptophyta	Magnoliopsida	Fabales	Fabaceae	Lotus	NA
ASV_1268	Viridiplantae	Streptophyta	Magnoliopsida	Fabales	Fabaceae	Lotus	NA
ASV_1269	Viridiplantae	Streptophyta	Magnoliopsida	Lamiales	Lamiaceae	Sideritis	NA
ASV_1270	Viridiplantae	Streptophyta	Magnoliopsida	Fagales	Fagaceae	Castanea	NA
ASV_1271	Viridiplantae	Streptophyta	Magnoliopsida	Fabales	Fabaceae	Lotus	NA
ASV_1272	Viridiplantae	Streptophyta	Magnoliopsida	Fabales	Fabaceae	Lotus	NA
ASV_1273	Viridiplantae	Streptophyta	Magnoliopsida	Fabales	Fabaceae	Ulex	NA
ASV_1274	Viridiplantae	Streptophyta	Magnoliopsida	Fabales	Fabaceae	Stauracanthus	NA
ASV_1275	Viridiplantae	Streptophyta	Magnoliopsida	Ericales	Ericaceae	Daboecia	NA
ASV_1276	Viridiplantae	Streptophyta	Magnoliopsida	Ericales	Ericaceae	Daboecia	NA
ASV_1277	Viridiplantae	Streptophyta	Magnoliopsida	Asterales	Asteraceae	Cirsium	NA
ASV_1278	Viridiplantae	Streptophyta	Magnoliopsida	Asterales	Asteraceae	Cirsium	NA
ASV_1279	Viridiplantae	Streptophyta	Magnoliopsida	Asterales	Asteraceae	NA	NA
ASV_1280	Viridiplantae	Streptophyta	Magnoliopsida	Asterales	Asteraceae	Cirsium	NA
ASV_1281	Viridiplantae	Streptophyta	Magnoliopsida	Fabales	Fabaceae	NA	NA
ASV_1282	Viridiplantae	Streptophyta	Magnoliopsida	Fagales	Fagaceae	Castanea	NA
ASV_1283	Viridiplantae	Streptophyta	Magnoliopsida	Lamiales	Plantaginaceae	Plantago	NA
ASV_1284	Viridiplantae	Streptophyta	Magnoliopsida	Lamiales	Lamiaceae	Thymus	praecox
ASV_1285	Viridiplantae	Streptophyta	Magnoliopsida	Ericales	Ericaceae	Vaccinium	NA
ASV_1286	Viridiplantae	Streptophyta	Magnoliopsida	Fabales	Fabaceae	Lotus	NA
ASV_1287	Viridiplantae	Streptophyta	Magnoliopsida	Fabales	Fabaceae	Lotus	NA
ASV_1288	Viridiplantae	Streptophyta	Magnoliopsida	Fabales	Fabaceae	Lotus	NA
ASV_1289	Viridiplantae	Streptophyta	Magnoliopsida	Fabales	Fabaceae	Lotus	NA
ASV_1290	Viridiplantae	Streptophyta	Magnoliopsida	Lamiales	Plantaginaceae	Plantago	NA
ASV_1291	Viridiplantae	Streptophyta	Magnoliopsida	Ranunculales	Ranunculaceae	Ranunculus	NA
ASV_1292	Viridiplantae	Streptophyta	Magnoliopsida	Vitales	Vitaceae	Vitis	NA
ASV_1293	Viridiplantae	Streptophyta	Magnoliopsida	Asparagales	Asparagaceae	Asparagus	officinalis
ASV_1294	Viridiplantae	Streptophyta	Magnoliopsida	Fabales	Fabaceae	Trifolium	NA
ASV_1295	Viridiplantae	Streptophyta	Magnoliopsida	Fabales	Fabaceae	Trifolium	NA
ASV_1296	Viridiplantae	Streptophyta	Magnoliopsida	Fabales	Fabaceae	Lotus	NA
ASV_1297	Viridiplantae	Streptophyta	Magnoliopsida	Fabales	Fabaceae	Lotus	NA
ASV_1298	Viridiplantae	Streptophyta	Magnoliopsida	NA	NA	NA	NA
ASV_1299	Viridiplantae	Streptophyta	Magnoliopsida	Fabales	Fabaceae	Lotus	NA
ASV_1300	Viridiplantae	Streptophyta	Magnoliopsida	Fabales	Fabaceae	Lotus	NA
ASV_1301	Viridiplantae	Streptophyta	Magnoliopsida	Fabales	Fabaceae	Ulex	NA
ASV_1302	Viridiplantae	Streptophyta	Magnoliopsida	Fabales	Fabaceae	Lotus	NA
ASV_1303	Viridiplantae	Streptophyta	Magnoliopsida	Lamiales	Lamiaceae	Lamium	NA
ASV_1304	Viridiplantae	Streptophyta	Magnoliopsida	Lamiales	Orobanchaceae	Pedicularis	NA
ASV_1305	Viridiplantae	Streptophyta	Magnoliopsida	Lamiales	Orobanchaceae	NA	NA
ASV_1306	Viridiplantae	Streptophyta	Magnoliopsida	Lamiales	Orobanchaceae	Pedicularis	NA
ASV_1307	Viridiplantae	Streptophyta	Magnoliopsida	Fabales	Fabaceae	Lotus	NA
ASV_1308	Viridiplantae	Streptophyta	Magnoliopsida	Fabales	Fabaceae	Lotus	NA
ASV_1309	Viridiplantae	Streptophyta	Magnoliopsida	Fabales	Fabaceae	Lotus	NA
ASV_1310	Viridiplantae	Streptophyta	Magnoliopsida	Fabales	Fabaceae	Lotus	NA
ASV_1311	Viridiplantae	Streptophyta	Magnoliopsida	Fabales	Fabaceae	Lotus	NA
ASV_1312	Viridiplantae	Streptophyta	Magnoliopsida	Fabales	Fabaceae	Lotus	NA
ASV_1313	Viridiplantae	Streptophyta	Magnoliopsida	Fabales	Fabaceae	NA	NA
ASV_1314	Viridiplantae	Streptophyta	Magnoliopsida	Fabales	Fabaceae	Lotus	NA
ASV_1315	Viridiplantae	Streptophyta	Magnoliopsida	Fabales	Fabaceae	Lotus	NA
ASV_1316	Viridiplantae	Streptophyta	Magnoliopsida	Fabales	Fabaceae	Ulex	NA
ASV_1317	Viridiplantae	Streptophyta	Magnoliopsida	Fabales	Fabaceae	Ulex	NA
ASV_1318	Viridiplantae	Streptophyta	Magnoliopsida	Fabales	Fabaceae	Ulex	NA
ASV_1319	Viridiplantae	Streptophyta	Magnoliopsida	Fabales	Fabaceae	Trifolium	NA
ASV_1320	Viridiplantae	Streptophyta	Magnoliopsida	Fabales	Fabaceae	Trifolium	NA
ASV_1321	Viridiplantae	Streptophyta	Magnoliopsida	Fabales	Fabaceae	NA	NA
ASV_1322	Viridiplantae	Streptophyta	Magnoliopsida	Fabales	Fabaceae	Anthyllis	NA
ASV_1323	Viridiplantae	Streptophyta	Magnoliopsida	Fabales	Fabaceae	Lotus	NA
ASV_1324	Viridiplantae	Streptophyta	Magnoliopsida	Fabales	Fabaceae	Lotus	NA
ASV_1325	Viridiplantae	Streptophyta	Magnoliopsida	Asparagales	Amaryllidaceae	Narcissus	NA
ASV_1326	Viridiplantae	Streptophyta	Magnoliopsida	Fabales	Fabaceae	Vicia	NA
ASV_1327	Viridiplantae	Streptophyta	Magnoliopsida	Rosales	Rosaceae	Rosa	NA
ASV_1328	Viridiplantae	Streptophyta	Magnoliopsida	Fabales	Fabaceae	Lotus	NA
ASV_1329	Viridiplantae	Streptophyta	Magnoliopsida	Fabales	Fabaceae	Lotus	NA
ASV_1330	Viridiplantae	Streptophyta	Magnoliopsida	Fabales	Fabaceae	Lotus	NA
ASV_1331	Viridiplantae	Streptophyta	Magnoliopsida	Lamiales	Lamiaceae	NA	NA
ASV_1332	Viridiplantae	Streptophyta	Magnoliopsida	Ericales	Ericaceae	Daboecia	NA
ASV_1333	Viridiplantae	Streptophyta	Magnoliopsida	Lamiales	Plantaginaceae	NA	NA
ASV_1334	Viridiplantae	Streptophyta	Magnoliopsida	Fabales	Fabaceae	Trifolium	NA
ASV_1335	Viridiplantae	Streptophyta	Magnoliopsida	Fabales	Fabaceae	Trifolium	NA
ASV_1336	Viridiplantae	Streptophyta	Magnoliopsida	Fabales	Fabaceae	Lotus	NA
ASV_1337	Viridiplantae	Streptophyta	Magnoliopsida	Lamiales	NA	NA	NA
ASV_1338	Viridiplantae	Streptophyta	Magnoliopsida	Fabales	Fabaceae	NA	NA
ASV_1339	Viridiplantae	Streptophyta	Magnoliopsida	Saxifragales	Crassulaceae	Sedum	NA
ASV_1340	Viridiplantae	Streptophyta	Magnoliopsida	Lamiales	Orobanchaceae	Pedicularis	NA
ASV_1341	Viridiplantae	Streptophyta	Magnoliopsida	Fabales	Fabaceae	Vicia	NA
ASV_1342	Viridiplantae	Streptophyta	Magnoliopsida	NA	NA	NA	NA
ASV_1343	Viridiplantae	Streptophyta	Magnoliopsida	Fabales	Fabaceae	Lotus	NA
ASV_1344	Viridiplantae	Streptophyta	Magnoliopsida	Fabales	Fabaceae	Lotus	NA
ASV_1345	Viridiplantae	Streptophyta	Magnoliopsida	Fabales	Fabaceae	Lotus	NA
ASV_1346	Viridiplantae	Streptophyta	Magnoliopsida	Lamiales	Orobanchaceae	Rhinanthus	NA
ASV_1347	Viridiplantae	Streptophyta	Magnoliopsida	Fabales	Fabaceae	NA	NA
ASV_1348	Viridiplantae	Streptophyta	Magnoliopsida	Fabales	Fabaceae	Lotus	NA
ASV_1349	Viridiplantae	Streptophyta	Magnoliopsida	Fabales	Fabaceae	Lotus	NA
ASV_1350	Viridiplantae	Streptophyta	Magnoliopsida	Ericales	Ericaceae	NA	NA
ASV_1351	Viridiplantae	Streptophyta	Magnoliopsida	Ericales	Ericaceae	Vaccinium	NA
ASV_1352	Viridiplantae	Streptophyta	Magnoliopsida	Fabales	Fabaceae	Sophora	NA
ASV_1353	Viridiplantae	Streptophyta	Magnoliopsida	Poales	Poaceae	Zea	NA
ASV_1354	Viridiplantae	Streptophyta	Magnoliopsida	Rosales	Rosaceae	NA	NA
ASV_1355	Viridiplantae	Streptophyta	Magnoliopsida	Caryophyllales	Polygonaceae	Rumex	NA
ASV_1356	Viridiplantae	Streptophyta	Magnoliopsida	Fabales	Fabaceae	Vicia	NA
ASV_1357	Viridiplantae	Streptophyta	Magnoliopsida	Fabales	Fabaceae	Lotus	NA
ASV_1358	Viridiplantae	Streptophyta	Magnoliopsida	Fabales	Fabaceae	Lotus	NA
ASV_1359	Viridiplantae	Streptophyta	Magnoliopsida	Fabales	Fabaceae	Lotus	NA
ASV_1360	Viridiplantae	Streptophyta	Magnoliopsida	Fabales	Fabaceae	Lotus	NA
ASV_1361	Viridiplantae	Streptophyta	Magnoliopsida	Fabales	Fabaceae	Lotus	NA
ASV_1362	Viridiplantae	Streptophyta	Magnoliopsida	Fabales	Fabaceae	Lotus	NA
ASV_1363	Viridiplantae	Streptophyta	Magnoliopsida	Lamiales	Plantaginaceae	Plantago	NA
ASV_1364	Viridiplantae	Streptophyta	Magnoliopsida	Fabales	Fabaceae	Anthyllis	NA
ASV_1365	Viridiplantae	Streptophyta	Magnoliopsida	Fabales	Fabaceae	Ulex	NA
ASV_1366	Viridiplantae	Streptophyta	Magnoliopsida	Malpighiales	Hypericaceae	Hypericum	NA
ASV_1367	Viridiplantae	Streptophyta	Magnoliopsida	Fabales	Fabaceae	Lotus	NA
ASV_1368	Viridiplantae	Streptophyta	Magnoliopsida	Lamiales	Orobanchaceae	Brandisia	NA
ASV_1369	Viridiplantae	Streptophyta	Magnoliopsida	Fabales	Fabaceae	NA	NA
ASV_1370	Viridiplantae	Streptophyta	Magnoliopsida	NA	NA	NA	NA
ASV_1371	Viridiplantae	Streptophyta	Magnoliopsida	Fabales	Fabaceae	Lotus	NA
ASV_1372	Viridiplantae	Streptophyta	Magnoliopsida	Fabales	Fabaceae	Lotus	NA
ASV_1373	Viridiplantae	Streptophyta	Magnoliopsida	Lamiales	Lamiaceae	Teucrium	NA
ASV_1374	Viridiplantae	Streptophyta	Magnoliopsida	Lamiales	Lamiaceae	Lamium	NA
ASV_1375	Viridiplantae	Streptophyta	Magnoliopsida	Fabales	Fabaceae	Ulex	NA
ASV_1376	Viridiplantae	Streptophyta	Magnoliopsida	Fabales	Fabaceae	Lotus	NA
ASV_1377	Viridiplantae	Streptophyta	Magnoliopsida	Caryophyllales	Caryophyllaceae	Cerastium	NA
ASV_1378	Viridiplantae	Streptophyta	Magnoliopsida	Fabales	Fabaceae	Lotus	NA
ASV_1379	Viridiplantae	Streptophyta	Magnoliopsida	Fabales	Fabaceae	Lotus	NA
ASV_1380	Viridiplantae	Streptophyta	Magnoliopsida	Rosales	Rosaceae	Rubus	NA
ASV_1381	Viridiplantae	Streptophyta	Magnoliopsida	Fagales	Fagaceae	Castanea	NA
ASV_1382	Viridiplantae	Streptophyta	Magnoliopsida	Fabales	Fabaceae	NA	NA
ASV_1383	Viridiplantae	Streptophyta	Magnoliopsida	Asterales	Asteraceae	Cirsium	NA
ASV_1384	Viridiplantae	Streptophyta	Magnoliopsida	Asterales	Asteraceae	Cirsium	NA
ASV_1385	Viridiplantae	Streptophyta	Magnoliopsida	Asterales	Asteraceae	NA	NA
ASV_1386	Viridiplantae	Streptophyta	Magnoliopsida	Asterales	Asteraceae	NA	NA
ASV_1387	Viridiplantae	Streptophyta	Magnoliopsida	Fabales	Fabaceae	NA	NA
ASV_1388	Viridiplantae	Streptophyta	Magnoliopsida	Fabales	Fabaceae	Ulex	NA
ASV_1389	Viridiplantae	Streptophyta	Magnoliopsida	Rosales	Rosaceae	Potentilla	NA
ASV_1390	Viridiplantae	Streptophyta	Magnoliopsida	Fabales	Fabaceae	Lotus	NA
ASV_1391	Viridiplantae	Streptophyta	Magnoliopsida	Fabales	Fabaceae	Trifolium	NA
ASV_1392	Viridiplantae	Streptophyta	Magnoliopsida	Lamiales	Plantaginaceae	Plantago	NA
ASV_1393	Viridiplantae	Streptophyta	Magnoliopsida	NA	NA	NA	NA
ASV_1394	Viridiplantae	Streptophyta	Magnoliopsida	Lamiales	Plantaginaceae	Plantago	NA
ASV_1395	Viridiplantae	Streptophyta	Magnoliopsida	Ericales	Ericaceae	Vaccinium	NA
ASV_1396	Viridiplantae	Streptophyta	Magnoliopsida	Fabales	Fabaceae	Vicia	NA
ASV_1397	Viridiplantae	Streptophyta	Magnoliopsida	Fabales	Fabaceae	NA	NA
ASV_1398	Viridiplantae	Streptophyta	Magnoliopsida	Saxifragales	Saxifragaceae	Saxifraga	NA
ASV_1399	Viridiplantae	Streptophyta	Magnoliopsida	Fabales	Fabaceae	Vicia	NA
ASV_1400	Viridiplantae	Streptophyta	Magnoliopsida	Fabales	Fabaceae	Vicia	NA
ASV_1401	Viridiplantae	Streptophyta	Magnoliopsida	Fabales	Fabaceae	Lotus	NA
ASV_1402	Viridiplantae	Streptophyta	Magnoliopsida	Fabales	Fabaceae	Lotus	NA
ASV_1403	Viridiplantae	Streptophyta	Magnoliopsida	Fabales	Fabaceae	Lotus	NA
ASV_1404	Viridiplantae	Streptophyta	Magnoliopsida	Fabales	Fabaceae	Lotus	NA
ASV_1405	Viridiplantae	Streptophyta	Magnoliopsida	Lamiales	Plantaginaceae	Plantago	NA
ASV_1406	Viridiplantae	Streptophyta	Magnoliopsida	Fabales	Fabaceae	NA	NA
ASV_1407	Viridiplantae	Streptophyta	Magnoliopsida	Fabales	Fabaceae	Lotus	NA
ASV_1408	Viridiplantae	Streptophyta	Magnoliopsida	Asterales	Asteraceae	Tagetes	NA
ASV_1409	Viridiplantae	Streptophyta	Magnoliopsida	Fagales	Fagaceae	Quercus	NA
ASV_1410	Viridiplantae	Streptophyta	Magnoliopsida	NA	NA	NA	NA
ASV_1411	Viridiplantae	Streptophyta	Magnoliopsida	Fabales	Fabaceae	Anthyllis	NA
ASV_1412	Viridiplantae	Streptophyta	Magnoliopsida	Fabales	Fabaceae	Trifolium	NA
ASV_1413	Viridiplantae	Streptophyta	Magnoliopsida	Fabales	Fabaceae	Trifolium	NA
ASV_1414	Viridiplantae	Streptophyta	Magnoliopsida	Lamiales	NA	NA	NA
ASV_1415	Viridiplantae	Streptophyta	Magnoliopsida	Lamiales	NA	NA	NA
ASV_1416	Viridiplantae	Streptophyta	Magnoliopsida	Fabales	Fabaceae	Lotus	NA
ASV_1417	Viridiplantae	Streptophyta	Magnoliopsida	Rosales	Rosaceae	Rubus	NA
ASV_1418	Viridiplantae	Streptophyta	Magnoliopsida	Fabales	Fabaceae	Lotus	NA
ASV_1419	Viridiplantae	Streptophyta	Magnoliopsida	Lamiales	Lamiaceae	Teucrium	NA
ASV_1420	Viridiplantae	Streptophyta	Magnoliopsida	Lamiales	Plantaginaceae	Plantago	NA
ASV_1421	Viridiplantae	Streptophyta	Magnoliopsida	Fabales	Fabaceae	Lotus	NA
ASV_1422	Viridiplantae	Streptophyta	Magnoliopsida	Fabales	Fabaceae	Lotus	NA
ASV_1423	Viridiplantae	Streptophyta	Magnoliopsida	Fabales	Fabaceae	Lotus	NA
ASV_1424	Viridiplantae	Streptophyta	Magnoliopsida	Fabales	Fabaceae	NA	NA
ASV_1425	Viridiplantae	Streptophyta	Magnoliopsida	Fabales	Fabaceae	NA	NA
ASV_1426	Viridiplantae	Streptophyta	Magnoliopsida	Lamiales	Lamiaceae	Lamium	NA
ASV_1427	Viridiplantae	Streptophyta	Magnoliopsida	NA	NA	NA	NA
ASV_1428	Viridiplantae	Streptophyta	Magnoliopsida	Lamiales	Lamiaceae	Lamium	NA
ASV_1429	Viridiplantae	Streptophyta	Magnoliopsida	Poales	Poaceae	Zea	NA
ASV_1430	Viridiplantae	Streptophyta	Magnoliopsida	Fabales	Fabaceae	Lotus	NA
ASV_1431	Viridiplantae	Streptophyta	Magnoliopsida	Fabales	Fabaceae	Lotus	NA
ASV_1432	Viridiplantae	Streptophyta	Magnoliopsida	Fabales	Fabaceae	Lotus	NA
ASV_1433	Viridiplantae	Streptophyta	Magnoliopsida	Ericales	Ericaceae	Daboecia	NA
ASV_1434	Viridiplantae	Streptophyta	Magnoliopsida	Ericales	Ericaceae	Daboecia	NA
ASV_1435	Viridiplantae	Streptophyta	Magnoliopsida	Poales	Poaceae	Agrostis	NA
ASV_1436	Viridiplantae	Streptophyta	Magnoliopsida	Asterales	Asteraceae	NA	NA
ASV_1437	Viridiplantae	Streptophyta	Magnoliopsida	Caryophyllales	Polygonaceae	Rumex	NA
ASV_1438	Viridiplantae	Streptophyta	Magnoliopsida	Asterales	Campanulaceae	Jasione	NA
ASV_1439	Viridiplantae	Streptophyta	Magnoliopsida	Lamiales	Plantaginaceae	Plantago	NA
ASV_1440	Viridiplantae	Streptophyta	Magnoliopsida	Lamiales	Plantaginaceae	Plantago	NA
ASV_1441	Viridiplantae	Streptophyta	Magnoliopsida	Boraginales	Boraginaceae	Echium	NA
ASV_1442	Viridiplantae	Streptophyta	Magnoliopsida	Fabales	Fabaceae	Lotus	NA
ASV_1443	Viridiplantae	Streptophyta	Magnoliopsida	Malpighiales	Violaceae	Viola	NA
ASV_1444	Viridiplantae	Streptophyta	Magnoliopsida	Malpighiales	Violaceae	Viola	NA
ASV_1445	Viridiplantae	Streptophyta	Magnoliopsida	Vitales	Vitaceae	Vitis	NA
ASV_1446	Viridiplantae	Streptophyta	Magnoliopsida	Lamiales	Lamiaceae	Lamium	NA
ASV_1447	Viridiplantae	Streptophyta	Magnoliopsida	Fabales	Fabaceae	Vicia	NA
ASV_1448	Viridiplantae	Streptophyta	Magnoliopsida	Fabales	Fabaceae	Vicia	NA
ASV_1449	Viridiplantae	Streptophyta	Magnoliopsida	Fabales	Fabaceae	Vicia	NA
ASV_1450	Viridiplantae	Streptophyta	Magnoliopsida	Fabales	Fabaceae	Vicia	NA
ASV_1451	Viridiplantae	Streptophyta	Magnoliopsida	Lamiales	Lamiaceae	Ziziphora	NA
ASV_1452	Viridiplantae	Streptophyta	Magnoliopsida	Fabales	Fabaceae	Lotus	NA
ASV_1453	Viridiplantae	Streptophyta	Magnoliopsida	Fabales	Fabaceae	Lotus	NA
ASV_1454	Viridiplantae	Streptophyta	Magnoliopsida	Fabales	Fabaceae	Lotus	NA
ASV_1455	Viridiplantae	Streptophyta	Magnoliopsida	Fabales	Fabaceae	Lotus	NA
ASV_1456	Viridiplantae	Streptophyta	Magnoliopsida	Fabales	Fabaceae	NA	NA
ASV_1457	Viridiplantae	Streptophyta	Magnoliopsida	Fabales	Fabaceae	Trifolium	NA
ASV_1458	Viridiplantae	Streptophyta	Magnoliopsida	Fabales	Fabaceae	Trifolium	NA
ASV_1459	Viridiplantae	Streptophyta	Magnoliopsida	Fabales	Fabaceae	Trifolium	NA
ASV_1460	Viridiplantae	Streptophyta	Magnoliopsida	Fabales	Fabaceae	Trifolium	NA
ASV_1461	Viridiplantae	Streptophyta	Magnoliopsida	Fabales	Fabaceae	Lotus	NA
ASV_1462	Viridiplantae	Streptophyta	Magnoliopsida	Fabales	Fabaceae	Lotus	NA
ASV_1463	Viridiplantae	Streptophyta	Magnoliopsida	Fabales	Fabaceae	Vicia	NA
ASV_1464	Viridiplantae	Streptophyta	Magnoliopsida	Poales	Poaceae	Zea	NA
ASV_1465	Viridiplantae	Streptophyta	Magnoliopsida	Ericales	Ericaceae	Erica	NA
ASV_1466	Viridiplantae	Streptophyta	Magnoliopsida	Fabales	Fabaceae	Trifolium	NA
ASV_1467	Viridiplantae	Streptophyta	Magnoliopsida	Fabales	Fabaceae	Ulex	NA
ASV_1468	Viridiplantae	Streptophyta	Magnoliopsida	Fabales	Fabaceae	Genista	NA
ASV_1469	Viridiplantae	Streptophyta	Magnoliopsida	Boraginales	Boraginaceae	Symphytum	NA
ASV_1470	Viridiplantae	Streptophyta	Magnoliopsida	Fabales	Fabaceae	Anthyllis	NA
ASV_1471	Viridiplantae	Streptophyta	Magnoliopsida	NA	NA	NA	NA
ASV_1472	Viridiplantae	Streptophyta	Magnoliopsida	Fabales	Fabaceae	Lotus	NA
ASV_1473	Viridiplantae	Streptophyta	Magnoliopsida	Fabales	Fabaceae	Lotus	NA
ASV_1474	Viridiplantae	Streptophyta	Magnoliopsida	Fabales	Fabaceae	Lotus	NA
ASV_1475	Viridiplantae	Streptophyta	Magnoliopsida	Lamiales	Lamiaceae	Teucrium	NA
ASV_1476	Viridiplantae	Streptophyta	Magnoliopsida	Fabales	Fabaceae	Stauracanthus	NA
ASV_1477	Viridiplantae	Streptophyta	Magnoliopsida	Fabales	Fabaceae	Lotus	NA
ASV_1478	Viridiplantae	Streptophyta	Magnoliopsida	Fabales	Fabaceae	NA	NA
ASV_1479	Viridiplantae	Streptophyta	Magnoliopsida	Fabales	Fabaceae	Lotus	NA
ASV_1480	Viridiplantae	Streptophyta	Magnoliopsida	Fabales	Fabaceae	Medicago	NA
ASV_1481	Viridiplantae	Streptophyta	Magnoliopsida	Fabales	Fabaceae	Ulex	NA
ASV_1482	Viridiplantae	Streptophyta	Magnoliopsida	Asterales	Asteraceae	Cirsium	NA
ASV_1483	Viridiplantae	Streptophyta	Magnoliopsida	Fagales	Fagaceae	Castanea	NA
ASV_1484	Viridiplantae	Streptophyta	Magnoliopsida	Asterales	Asteraceae	NA	NA
ASV_1485	Viridiplantae	Streptophyta	Magnoliopsida	Asterales	Asteraceae	Cirsium	NA
ASV_1486	Viridiplantae	Streptophyta	Magnoliopsida	Fabales	Fabaceae	NA	NA
ASV_1487	Viridiplantae	Streptophyta	Magnoliopsida	Poales	Poaceae	Agrostis	NA
ASV_1488	Viridiplantae	Streptophyta	Magnoliopsida	Fabales	Fabaceae	Ulex	NA
ASV_1489	Viridiplantae	Streptophyta	Magnoliopsida	Fabales	Fabaceae	Ulex	NA
ASV_1490	Viridiplantae	Streptophyta	Magnoliopsida	Caryophyllales	Caryophyllaceae	Cerastium	NA
ASV_1491	Viridiplantae	Streptophyta	Magnoliopsida	Saxifragales	Crassulaceae	Sedum	NA
ASV_1492	Viridiplantae	Streptophyta	Magnoliopsida	Asterales	Asteraceae	Cirsium	NA
ASV_1493	Viridiplantae	Streptophyta	Magnoliopsida	Fabales	Fabaceae	Lotus	NA
ASV_1494	Viridiplantae	Streptophyta	Magnoliopsida	Asterales	Asteraceae	Taraxacum	NA
ASV_1495	Viridiplantae	Streptophyta	Magnoliopsida	Fabales	Fabaceae	Ulex	NA
ASV_1496	Viridiplantae	Streptophyta	Magnoliopsida	Fagales	Fagaceae	Castanea	NA
ASV_1497	Viridiplantae	Streptophyta	Magnoliopsida	Fabales	Fabaceae	Ulex	NA
ASV_1498	Viridiplantae	Streptophyta	Magnoliopsida	Fabales	Fabaceae	Lotus	NA
ASV_1499	Viridiplantae	Streptophyta	Magnoliopsida	Fagales	Fagaceae	Castanea	NA
ASV_1500	Viridiplantae	Streptophyta	Magnoliopsida	Fabales	Fabaceae	Lotus	NA
ASV_1501	Viridiplantae	Streptophyta	Magnoliopsida	Lamiales	Plantaginaceae	Plantago	NA
ASV_1502	Viridiplantae	Streptophyta	Magnoliopsida	Fabales	Fabaceae	Lotus	NA
ASV_1503	Viridiplantae	Streptophyta	Magnoliopsida	Malpighiales	Violaceae	Viola	NA
ASV_1504	Viridiplantae	Streptophyta	Magnoliopsida	Poales	Poaceae	Zea	NA
ASV_1505	Viridiplantae	Streptophyta	Magnoliopsida	Poales	Poaceae	Zea	NA
ASV_1506	Viridiplantae	Streptophyta	Magnoliopsida	Asparagales	NA	NA	NA
ASV_1507	Viridiplantae	Streptophyta	Magnoliopsida	Rosales	Rosaceae	Hesperomeles	NA
ASV_1508	Viridiplantae	Streptophyta	Magnoliopsida	Fagales	Fagaceae	NA	NA
ASV_1509	Viridiplantae	Streptophyta	Magnoliopsida	Fabales	Fabaceae	Vicia	NA
ASV_1510	Viridiplantae	Streptophyta	Magnoliopsida	Malvales	Cistaceae	Helianthemum	NA
ASV_1511	Viridiplantae	Streptophyta	Magnoliopsida	Fabales	Fabaceae	NA	NA
ASV_1512	Viridiplantae	Streptophyta	Magnoliopsida	Fabales	Fabaceae	Lotus	NA
ASV_1513	Viridiplantae	Streptophyta	Magnoliopsida	Fabales	Fabaceae	Lotus	NA
ASV_1514	Viridiplantae	Streptophyta	Magnoliopsida	Lamiales	Plantaginaceae	Plantago	NA
ASV_1515	Viridiplantae	Streptophyta	Magnoliopsida	Lamiales	Plantaginaceae	Plantago	NA
ASV_1516	Viridiplantae	Streptophyta	Magnoliopsida	Lamiales	Lamiaceae	Lamium	NA
ASV_1517	Viridiplantae	Streptophyta	Magnoliopsida	Fabales	Fabaceae	Lotus	NA
ASV_1518	Viridiplantae	Streptophyta	Magnoliopsida	Lamiales	Plantaginaceae	Plantago	NA
ASV_1519	Viridiplantae	Streptophyta	Magnoliopsida	Fabales	Fabaceae	Trifolium	NA
ASV_1520	Viridiplantae	Streptophyta	Magnoliopsida	Fabales	Fabaceae	Lotus	NA
ASV_1521	Viridiplantae	Streptophyta	Magnoliopsida	Ericales	Ericaceae	Erica	NA
ASV_1522	Viridiplantae	Streptophyta	Magnoliopsida	Fabales	Fabaceae	Lotus	NA
ASV_1523	Viridiplantae	Streptophyta	Magnoliopsida	Lamiales	NA	NA	NA
ASV_1524	Viridiplantae	Streptophyta	Magnoliopsida	Fabales	Fabaceae	Lotus	NA
ASV_1525	Viridiplantae	Streptophyta	Magnoliopsida	Fabales	Fabaceae	Lotus	NA
ASV_1526	Viridiplantae	Streptophyta	Magnoliopsida	Fabales	Fabaceae	Lotus	NA
ASV_1527	Viridiplantae	Streptophyta	Magnoliopsida	Fabales	Fabaceae	Lotus	NA
ASV_1528	Viridiplantae	Streptophyta	Magnoliopsida	Fabales	Fabaceae	Lotus	NA
ASV_1529	Viridiplantae	Streptophyta	Magnoliopsida	Fabales	Fabaceae	Lotus	NA
ASV_1530	Viridiplantae	Streptophyta	Magnoliopsida	Fabales	Fabaceae	Ulex	NA
ASV_1531	Viridiplantae	Streptophyta	Magnoliopsida	Fabales	Fabaceae	Lotus	NA
ASV_1532	Viridiplantae	Streptophyta	Magnoliopsida	Lamiales	Lamiaceae	Lamium	NA
ASV_1533	Viridiplantae	Streptophyta	Magnoliopsida	Lamiales	Lamiaceae	Ziziphora	NA
ASV_1534	Viridiplantae	Streptophyta	Magnoliopsida	Fabales	Fabaceae	Lotus	NA
ASV_1535	Viridiplantae	Streptophyta	Magnoliopsida	Lamiales	Plantaginaceae	Erinus	NA
ASV_1536	Viridiplantae	Streptophyta	Magnoliopsida	Fabales	Fabaceae	Trifolium	NA
ASV_1537	Viridiplantae	Streptophyta	Magnoliopsida	NA	NA	NA	NA
ASV_1538	Viridiplantae	Streptophyta	Magnoliopsida	Fabales	Fabaceae	Lotus	NA
ASV_1539	Viridiplantae	Streptophyta	Magnoliopsida	Fabales	Fabaceae	Lotus	NA
ASV_1540	Viridiplantae	Streptophyta	Magnoliopsida	Poales	Poaceae	Saccharum	NA
ASV_1541	Viridiplantae	Streptophyta	Magnoliopsida	Fabales	Fabaceae	Ulex	NA
ASV_1542	Viridiplantae	Streptophyta	Magnoliopsida	Fabales	Fabaceae	Ulex	NA
ASV_1543	Viridiplantae	Streptophyta	Magnoliopsida	Fabales	Fabaceae	Lotus	NA
ASV_1544	Viridiplantae	Streptophyta	Magnoliopsida	Fabales	Fabaceae	Lotus	NA
ASV_1545	Viridiplantae	Streptophyta	Magnoliopsida	Lamiales	Orobanchaceae	Rhinanthus	NA
ASV_1546	Viridiplantae	Streptophyta	Magnoliopsida	Fabales	Fabaceae	Lotus	NA
ASV_1547	Viridiplantae	Streptophyta	Magnoliopsida	Fabales	Fabaceae	Lotus	NA
ASV_1548	Viridiplantae	Streptophyta	Magnoliopsida	Fabales	Fabaceae	Lotus	NA
ASV_1549	Viridiplantae	Streptophyta	Magnoliopsida	Fabales	Fabaceae	Lotus	NA
ASV_1550	Viridiplantae	Streptophyta	Magnoliopsida	Fabales	Fabaceae	Ulex	NA
ASV_1551	Viridiplantae	Streptophyta	Magnoliopsida	Asterales	Asteraceae	Cirsium	NA
ASV_1552	Viridiplantae	Streptophyta	Magnoliopsida	Lamiales	Plantaginaceae	Plantago	NA
ASV_1553	Viridiplantae	Streptophyta	Magnoliopsida	Fabales	Fabaceae	Lotus	NA
ASV_1554	Viridiplantae	Streptophyta	Magnoliopsida	Asterales	Asteraceae	Carthamus	NA
ASV_1555	Viridiplantae	Streptophyta	Magnoliopsida	Lamiales	Lamiaceae	Teucrium	NA
ASV_1556	Viridiplantae	Streptophyta	Magnoliopsida	Asterales	Asteraceae	Pilosella	NA
ASV_1557	Viridiplantae	Streptophyta	Magnoliopsida	Lamiales	Plantaginaceae	Plantago	NA
ASV_1558	Viridiplantae	Streptophyta	Magnoliopsida	Fabales	Fabaceae	Lotus	NA
ASV_1559	Viridiplantae	Streptophyta	Magnoliopsida	Asterales	Asteraceae	Taraxacum	NA
ASV_1560	Viridiplantae	Streptophyta	Magnoliopsida	Ericales	Ericaceae	Vaccinium	NA
ASV_1561	Viridiplantae	Streptophyta	Magnoliopsida	Asterales	Asteraceae	NA	NA
ASV_1562	Viridiplantae	Streptophyta	Magnoliopsida	Fabales	Fabaceae	Cajanus	NA
ASV_1563	Viridiplantae	Streptophyta	Magnoliopsida	Fabales	Fabaceae	NA	NA
ASV_1564	Viridiplantae	Streptophyta	Magnoliopsida	Brassicales	Brassicaceae	Cardamine	NA
ASV_1565	Viridiplantae	Streptophyta	Magnoliopsida	Gentianales	Apocynaceae	Cynanchum	NA
ASV_1566	Viridiplantae	Streptophyta	Magnoliopsida	Poales	Poaceae	NA	NA
ASV_1567	Viridiplantae	Streptophyta	Magnoliopsida	Boraginales	Boraginaceae	Pulmonaria	NA
ASV_1568	Viridiplantae	Streptophyta	Magnoliopsida	Poales	Poaceae	Zea	NA
ASV_1569	Viridiplantae	Streptophyta	Magnoliopsida	Malvales	Malvaceae	Gossypium	NA
ASV_1570	Viridiplantae	Streptophyta	Magnoliopsida	NA	NA	NA	NA
ASV_1571	Viridiplantae	Streptophyta	Magnoliopsida	Lamiales	Lamiaceae	Lamium	NA
ASV_1572	Viridiplantae	Streptophyta	Magnoliopsida	Rosales	Rosaceae	Potentilla	NA
ASV_1573	Viridiplantae	Streptophyta	Magnoliopsida	Fabales	Fabaceae	Vicia	NA
ASV_1574	Viridiplantae	Streptophyta	Magnoliopsida	Fabales	Fabaceae	Lotus	NA
ASV_1575	Viridiplantae	Streptophyta	Magnoliopsida	Lamiales	Plantaginaceae	Plantago	NA
ASV_1576	Viridiplantae	Streptophyta	Magnoliopsida	Poales	Poaceae	Zea	NA
ASV_1577	Viridiplantae	Streptophyta	Magnoliopsida	Fabales	Fabaceae	Lotus	NA
ASV_1578	Viridiplantae	Streptophyta	Magnoliopsida	Ranunculales	Ranunculaceae	Ranunculus	NA
ASV_1579	Viridiplantae	Streptophyta	Magnoliopsida	Asterales	Asteraceae	Carduus	NA
ASV_1580	Viridiplantae	Streptophyta	Magnoliopsida	Fabales	Fabaceae	Anthyllis	NA
ASV_1581	Viridiplantae	Streptophyta	Magnoliopsida	Asterales	Asteraceae	Neopallasia	NA
ASV_1582	Viridiplantae	Streptophyta	Magnoliopsida	Lamiales	Plantaginaceae	Linaria	NA
ASV_1583	Viridiplantae	Streptophyta	Magnoliopsida	Vitales	Vitaceae	Vitis	NA
ASV_1584	Viridiplantae	Streptophyta	Magnoliopsida	Rosales	Rosaceae	Rubus	NA
ASV_1585	Viridiplantae	Streptophyta	Magnoliopsida	NA	NA	NA	NA
ASV_1586	Viridiplantae	Streptophyta	Magnoliopsida	Fabales	Fabaceae	Lotus	NA
ASV_1587	Viridiplantae	Streptophyta	Magnoliopsida	Fabales	Fabaceae	Lotus	NA
ASV_1588	Viridiplantae	Streptophyta	Magnoliopsida	Fabales	Fabaceae	Lotus	NA
ASV_1589	Viridiplantae	Streptophyta	Magnoliopsida	Fabales	Fabaceae	Lotus	NA
ASV_1590	Viridiplantae	Streptophyta	Magnoliopsida	Fabales	Fabaceae	Lotus	NA
ASV_1591	Viridiplantae	Streptophyta	Magnoliopsida	Fabales	Fabaceae	Ulex	NA
ASV_1592	Viridiplantae	Streptophyta	Magnoliopsida	Fabales	Fabaceae	Lotus	NA
ASV_1593	Viridiplantae	Streptophyta	Magnoliopsida	Fabales	Fabaceae	Lathyrus	NA
ASV_1594	Viridiplantae	Streptophyta	Magnoliopsida	NA	NA	NA	NA
ASV_1595	Viridiplantae	Streptophyta	Magnoliopsida	Fabales	Fabaceae	Lotus	NA
ASV_1596	Viridiplantae	Streptophyta	Magnoliopsida	Lamiales	NA	NA	NA
ASV_1597	Viridiplantae	Streptophyta	Magnoliopsida	Rosales	Rosaceae	Crataegus	NA
ASV_1598	Viridiplantae	Streptophyta	Magnoliopsida	Fabales	Fabaceae	Hippocrepis	NA
ASV_1599	Viridiplantae	Streptophyta	Magnoliopsida	Fabales	Fabaceae	NA	NA
ASV_1600	Viridiplantae	Streptophyta	Magnoliopsida	Fabales	Fabaceae	Lotus	NA
ASV_1601	Viridiplantae	Streptophyta	Magnoliopsida	Asterales	Asteraceae	Achillea	NA
ASV_1602	Viridiplantae	Streptophyta	Magnoliopsida	Fabales	Fabaceae	Lotus	NA
ASV_1603	Viridiplantae	Streptophyta	Magnoliopsida	Lamiales	Orobanchaceae	Rhinanthus	NA
ASV_1604	Viridiplantae	Streptophyta	Magnoliopsida	Malpighiales	Hypericaceae	Hypericum	NA
ASV_1605	Viridiplantae	Streptophyta	Magnoliopsida	Lamiales	Orobanchaceae	Rhinanthus	NA
ASV_1606	Viridiplantae	Streptophyta	Magnoliopsida	Fabales	Fabaceae	Lotus	NA
ASV_1607	Viridiplantae	Streptophyta	Magnoliopsida	Lamiales	Lamiaceae	Sideritis	NA
ASV_1608	Viridiplantae	Streptophyta	Magnoliopsida	Fabales	Fabaceae	Ulex	NA
ASV_1609	Viridiplantae	Streptophyta	Magnoliopsida	Fabales	Fabaceae	Ulex	NA
ASV_1610	Viridiplantae	Streptophyta	Magnoliopsida	Asterales	Asteraceae	Cirsium	NA
ASV_1611	Viridiplantae	Streptophyta	Magnoliopsida	Fagales	Fagaceae	Castanea	NA
ASV_1612	Viridiplantae	Streptophyta	Magnoliopsida	Lamiales	Lamiaceae	Mentha	NA
ASV_1613	Viridiplantae	Streptophyta	Magnoliopsida	Brassicales	Brassicaceae	Sisymbrium	NA
ASV_1614	Viridiplantae	Streptophyta	Magnoliopsida	Fabales	Fabaceae	Lotus	NA
ASV_1615	Viridiplantae	Streptophyta	Magnoliopsida	Lamiales	Plantaginaceae	Plantago	NA
ASV_1616	Viridiplantae	Streptophyta	Magnoliopsida	Fabales	Fabaceae	Ulex	NA
ASV_1617	Viridiplantae	Streptophyta	Magnoliopsida	Ranunculales	Ranunculaceae	Ranunculus	NA
ASV_1618	Viridiplantae	Streptophyta	Magnoliopsida	Fabales	Fabaceae	Lotus	NA
ASV_1619	Viridiplantae	Streptophyta	Magnoliopsida	Lamiales	Plantaginaceae	Plantago	NA
ASV_1620	Viridiplantae	Streptophyta	Magnoliopsida	Lamiales	Plantaginaceae	Plantago	NA
ASV_1621	Viridiplantae	Streptophyta	Magnoliopsida	Malpighiales	Violaceae	Viola	NA
ASV_1622	Viridiplantae	Streptophyta	Magnoliopsida	Malpighiales	Violaceae	Viola	NA
ASV_1623	Viridiplantae	Streptophyta	Magnoliopsida	Ranunculales	Ranunculaceae	Helleborus	NA
ASV_1624	Viridiplantae	Streptophyta	Magnoliopsida	Brassicales	Brassicaceae	Descurainia	sophia
ASV_1625	Viridiplantae	Streptophyta	Magnoliopsida	Poales	Poaceae	NA	NA
ASV_1626	Viridiplantae	Streptophyta	Magnoliopsida	Asterales	Asteraceae	Tanacetum	NA
ASV_1627	Viridiplantae	Streptophyta	Magnoliopsida	Rosales	Rosaceae	Crataegus	NA
ASV_1628	Viridiplantae	Streptophyta	Magnoliopsida	Fabales	Fabaceae	Vicia	NA
ASV_1629	Viridiplantae	Streptophyta	Magnoliopsida	Fabales	Fabaceae	Vicia	NA
ASV_1630	Viridiplantae	Streptophyta	Magnoliopsida	Lamiales	NA	NA	NA
ASV_1631	Viridiplantae	Streptophyta	Magnoliopsida	Fabales	Fabaceae	Vicia	NA
ASV_1632	Viridiplantae	Streptophyta	Magnoliopsida	Malvales	Cistaceae	Helianthemum	NA
ASV_1633	Viridiplantae	Streptophyta	Magnoliopsida	Fabales	Fabaceae	Vicia	NA
ASV_1634	Viridiplantae	Streptophyta	Magnoliopsida	Fabales	Fabaceae	Vicia	NA
ASV_1635	Viridiplantae	Streptophyta	Magnoliopsida	Ranunculales	Ranunculaceae	Ranunculus	NA
ASV_1636	Viridiplantae	Streptophyta	Magnoliopsida	Lamiales	Scrophulariaceae	Scrophularia	NA
ASV_1637	Viridiplantae	Streptophyta	Magnoliopsida	Fabales	Fabaceae	Lotus	NA
ASV_1638	Viridiplantae	Streptophyta	Magnoliopsida	Fabales	Fabaceae	Lotus	NA
ASV_1639	Viridiplantae	Streptophyta	Magnoliopsida	NA	NA	NA	NA
ASV_1640	Viridiplantae	Streptophyta	Magnoliopsida	Apiales	Apiaceae	Coriandrum	NA
ASV_1641	Viridiplantae	Streptophyta	Magnoliopsida	Fabales	Fabaceae	Lotus	NA
ASV_1642	Viridiplantae	Streptophyta	Magnoliopsida	Rosales	Rosaceae	Malus	NA
ASV_1643	Viridiplantae	Streptophyta	Magnoliopsida	Lamiales	Plantaginaceae	NA	NA
ASV_1644	Viridiplantae	Streptophyta	Magnoliopsida	Lamiales	Lamiaceae	Sideritis	NA
ASV_1645	Viridiplantae	Streptophyta	Magnoliopsida	NA	NA	NA	NA
ASV_1646	Viridiplantae	Streptophyta	Magnoliopsida	Fabales	Fabaceae	Trifolium	NA
ASV_1647	Viridiplantae	Streptophyta	Magnoliopsida	Asterales	Asteraceae	Bellis	NA
ASV_1648	Viridiplantae	Streptophyta	Magnoliopsida	Fabales	Fabaceae	Trifolium	NA
ASV_1649	Viridiplantae	Streptophyta	Magnoliopsida	Fabales	Fabaceae	Lotus	NA
ASV_1650	Viridiplantae	Streptophyta	Magnoliopsida	Saxifragales	Crassulaceae	Sedum	NA
ASV_1651	Viridiplantae	Streptophyta	Magnoliopsida	Rosales	Rosaceae	NA	NA
ASV_1652	Viridiplantae	Streptophyta	Magnoliopsida	Fabales	Fabaceae	Lotus	NA
ASV_1653	Viridiplantae	Streptophyta	Magnoliopsida	Asterales	Campanulaceae	Campanula	NA
ASV_1654	Viridiplantae	Streptophyta	Magnoliopsida	Fabales	Fabaceae	Lotus	NA
ASV_1655	Viridiplantae	Streptophyta	Magnoliopsida	Fabales	Fabaceae	Ulex	NA
ASV_1656	Viridiplantae	Streptophyta	Magnoliopsida	Fabales	Fabaceae	Trifolium	NA
ASV_1657	Viridiplantae	Streptophyta	Magnoliopsida	Caryophyllales	Caryophyllaceae	Cerastium	beeringianum/fontanum/glomeratum
ASV_1658	Viridiplantae	Streptophyta	Magnoliopsida	Fabales	Fabaceae	Lotus	NA
ASV_1659	Viridiplantae	Streptophyta	Magnoliopsida	Fabales	Fabaceae	Lathyrus	NA
ASV_1660	Viridiplantae	Streptophyta	Magnoliopsida	Lamiales	NA	NA	NA
ASV_1661	Viridiplantae	Streptophyta	Magnoliopsida	Lamiales	NA	NA	NA
ASV_1662	Viridiplantae	Streptophyta	Magnoliopsida	Lamiales	Lamiaceae	Lamium	NA
ASV_1663	Viridiplantae	Streptophyta	Magnoliopsida	Poales	Poaceae	Lolium	perenne/rigidum/temulentum
ASV_1664	Viridiplantae	Streptophyta	Magnoliopsida	Fabales	Fabaceae	Lotus	NA
ASV_1665	Viridiplantae	Streptophyta	Magnoliopsida	Fabales	Fabaceae	Lotus	NA
ASV_1666	Viridiplantae	Streptophyta	Magnoliopsida	Saxifragales	Saxifragaceae	Saxifraga	NA
ASV_1667	Viridiplantae	Streptophyta	Magnoliopsida	Fabales	Fabaceae	Lotus	NA
ASV_1668	Viridiplantae	Streptophyta	Magnoliopsida	Fabales	Fabaceae	Lotus	NA
ASV_1669	Viridiplantae	Streptophyta	Magnoliopsida	Ranunculales	Ranunculaceae	Ranunculus	NA
ASV_1670	Viridiplantae	Streptophyta	Magnoliopsida	Fabales	Fabaceae	Lotus	NA
ASV_1671	Viridiplantae	Streptophyta	Magnoliopsida	Fabales	Fabaceae	Lotus	NA
ASV_1672	Viridiplantae	Streptophyta	Magnoliopsida	Fabales	Fabaceae	Lotus	NA
ASV_1673	Viridiplantae	Streptophyta	Magnoliopsida	Fabales	Fabaceae	Lotus	NA
ASV_1674	Viridiplantae	Streptophyta	Magnoliopsida	Fabales	Fabaceae	Lotus	NA
ASV_1675	Viridiplantae	Streptophyta	Magnoliopsida	Fabales	Fabaceae	Ulex	NA
ASV_1676	Viridiplantae	Streptophyta	Magnoliopsida	Fabales	Fabaceae	Lotus	NA
ASV_1677	Viridiplantae	Streptophyta	Magnoliopsida	Fabales	Fabaceae	Lotus	NA
ASV_1678	Viridiplantae	Streptophyta	Magnoliopsida	Fabales	Fabaceae	Lotus	NA
ASV_1679	Viridiplantae	Streptophyta	Magnoliopsida	Fagales	Fagaceae	Castanea	NA
ASV_1680	Viridiplantae	Streptophyta	Magnoliopsida	Asterales	Asteraceae	Cirsium	NA
ASV_1681	Viridiplantae	Streptophyta	Magnoliopsida	Rosales	Urticaceae	Urtica	NA
ASV_1682	Viridiplantae	Streptophyta	Magnoliopsida	Lamiales	Plantaginaceae	Plantago	NA
ASV_1683	Viridiplantae	Streptophyta	Magnoliopsida	Fabales	Fabaceae	Lotus	NA
ASV_1684	Viridiplantae	Streptophyta	Magnoliopsida	Apiales	Apiaceae	Bupleurum	NA
ASV_1685	Viridiplantae	Streptophyta	Magnoliopsida	Dipsacales	Caprifoliaceae	Scabiosa	NA
ASV_1686	Viridiplantae	Streptophyta	Magnoliopsida	Ranunculales	Ranunculaceae	Ranunculus	NA
ASV_1687	Viridiplantae	Streptophyta	Magnoliopsida	Fabales	Fabaceae	NA	NA
ASV_1688	Viridiplantae	Streptophyta	Magnoliopsida	Fabales	Fabaceae	Lotus	NA
ASV_1689	Viridiplantae	Streptophyta	Magnoliopsida	Ericales	Ericaceae	Vaccinium	NA
ASV_1690	Viridiplantae	Streptophyta	Magnoliopsida	Ranunculales	Ranunculaceae	Helleborus	NA
ASV_1691	Viridiplantae	Streptophyta	Magnoliopsida	Lamiales	Orobanchaceae	Lathraea	NA
ASV_1692	Viridiplantae	Streptophyta	Magnoliopsida	Lamiales	Plantaginaceae	Plantago	NA
ASV_1693	Viridiplantae	Streptophyta	Magnoliopsida	Boraginales	Boraginaceae	Pulmonaria	NA
ASV_1694	Viridiplantae	Streptophyta	Magnoliopsida	Lamiales	Lamiaceae	NA	NA
ASV_1695	Viridiplantae	Streptophyta	Magnoliopsida	Rosales	Rosaceae	Hesperomeles	NA
ASV_1696	Viridiplantae	Streptophyta	Magnoliopsida	Rosales	Rosaceae	Crataegus	monogyna
ASV_1697	Viridiplantae	Streptophyta	Magnoliopsida	Lamiales	Plantaginaceae	Linaria	NA
ASV_1698	Viridiplantae	Streptophyta	Magnoliopsida	NA	NA	NA	NA
ASV_1699	Viridiplantae	Streptophyta	Magnoliopsida	Fabales	Fabaceae	Vicia	NA
ASV_1700	Viridiplantae	Streptophyta	Magnoliopsida	Fabales	Fabaceae	Vicia	NA
ASV_1701	Viridiplantae	Streptophyta	Magnoliopsida	Rosales	Urticaceae	Urtica	NA
ASV_1702	Viridiplantae	Streptophyta	Magnoliopsida	NA	NA	NA	NA
ASV_1703	Viridiplantae	Streptophyta	Magnoliopsida	Lamiales	Plantaginaceae	Digitalis	NA
ASV_1704	Viridiplantae	Streptophyta	Magnoliopsida	Fabales	Fabaceae	Lotus	NA
ASV_1705	Viridiplantae	Streptophyta	Magnoliopsida	Lamiales	Plantaginaceae	Plantago	NA
ASV_1706	Viridiplantae	Streptophyta	Magnoliopsida	Fabales	Fabaceae	Lotus	NA
ASV_1707	Viridiplantae	Streptophyta	Magnoliopsida	Fabales	Fabaceae	Lotus	NA
ASV_1708	Viridiplantae	Streptophyta	Magnoliopsida	Asterales	Campanulaceae	Campanula	NA
ASV_1709	Viridiplantae	Streptophyta	Magnoliopsida	Fabales	Fabaceae	NA	NA
ASV_1710	Viridiplantae	Streptophyta	Magnoliopsida	Lamiales	Plantaginaceae	Linaria	NA
ASV_1711	Viridiplantae	Streptophyta	Magnoliopsida	Poales	Poaceae	Miscanthus	NA
ASV_1712	Viridiplantae	Streptophyta	Magnoliopsida	Poales	Poaceae	Bromus	NA
ASV_1713	Viridiplantae	Streptophyta	Magnoliopsida	Lamiales	Plantaginaceae	Linaria	NA
ASV_1714	Viridiplantae	Streptophyta	Magnoliopsida	Poales	Poaceae	NA	NA
ASV_1715	Viridiplantae	Streptophyta	Magnoliopsida	Fabales	Fabaceae	Lotus	NA
ASV_1716	Viridiplantae	Streptophyta	Magnoliopsida	Fabales	Fabaceae	Trifolium	NA
ASV_1717	Viridiplantae	Streptophyta	Magnoliopsida	NA	NA	NA	NA
ASV_1718	Viridiplantae	Streptophyta	Magnoliopsida	Fabales	Fabaceae	Trifolium	NA
ASV_1719	Viridiplantae	Streptophyta	Magnoliopsida	Rosales	Rosaceae	Rubus	NA
ASV_1720	Viridiplantae	Streptophyta	Magnoliopsida	Fabales	Fabaceae	NA	NA
ASV_1721	Viridiplantae	Streptophyta	Magnoliopsida	Fabales	Fabaceae	Lotus	NA
ASV_1722	Viridiplantae	Streptophyta	Magnoliopsida	Ranunculales	Ranunculaceae	Helleborus	NA
ASV_1723	Viridiplantae	Streptophyta	Magnoliopsida	Fabales	Fabaceae	Lotus	NA
ASV_1724	Viridiplantae	Streptophyta	Magnoliopsida	Fabales	Fabaceae	Lotus	NA
ASV_1725	Viridiplantae	Streptophyta	Magnoliopsida	Fabales	Fabaceae	Lotus	NA
ASV_1726	Viridiplantae	Streptophyta	Magnoliopsida	Asterales	Asteraceae	Hypochaeris	NA
ASV_1727	Viridiplantae	Streptophyta	Magnoliopsida	Fabales	Fabaceae	Trifolium	NA
ASV_1728	Viridiplantae	Streptophyta	Magnoliopsida	NA	NA	NA	NA
ASV_1729	Viridiplantae	Streptophyta	Magnoliopsida	Fabales	Fabaceae	Lotus	NA
ASV_1730	Viridiplantae	Streptophyta	Magnoliopsida	NA	NA	NA	NA
ASV_1731	Viridiplantae	Streptophyta	Magnoliopsida	Fabales	Fabaceae	Lathyrus	NA
ASV_1732	Viridiplantae	Streptophyta	Magnoliopsida	Lamiales	Lamiaceae	NA	NA
ASV_1733	Viridiplantae	Streptophyta	Magnoliopsida	NA	NA	NA	NA
ASV_1734	Viridiplantae	Streptophyta	Magnoliopsida	Fabales	Fabaceae	Lotus	NA
ASV_1735	Viridiplantae	Streptophyta	Magnoliopsida	Fabales	Fabaceae	Vicia	NA
ASV_1736	Viridiplantae	Streptophyta	Magnoliopsida	Lamiales	Plantaginaceae	Linaria	NA
ASV_1737	Viridiplantae	Streptophyta	Magnoliopsida	Fabales	Fabaceae	Lotus	NA
ASV_1738	Viridiplantae	Streptophyta	Magnoliopsida	Fabales	Fabaceae	Lotus	NA
ASV_1739	Viridiplantae	Streptophyta	Magnoliopsida	Malpighiales	Hypericaceae	Hypericum	NA
ASV_1740	Viridiplantae	Streptophyta	Magnoliopsida	NA	NA	NA	NA
ASV_1741	Viridiplantae	Streptophyta	Magnoliopsida	Fabales	Fabaceae	Lotus	NA
ASV_1742	Viridiplantae	Streptophyta	Magnoliopsida	Lamiales	Lamiaceae	Prunella	NA
ASV_1743	Viridiplantae	Streptophyta	Magnoliopsida	Fabales	Fabaceae	Anthyllis	NA
ASV_1744	Viridiplantae	Streptophyta	Magnoliopsida	Fabales	Fabaceae	NA	NA
ASV_1745	Viridiplantae	Streptophyta	Magnoliopsida	Lamiales	Lamiaceae	Teucrium	NA
ASV_1746	Viridiplantae	Streptophyta	Magnoliopsida	Fabales	Fabaceae	Vicia	NA
ASV_1747	Viridiplantae	Streptophyta	Magnoliopsida	Ericales	Ericaceae	Daboecia	NA
ASV_1748	Viridiplantae	Streptophyta	Magnoliopsida	Fabales	Fabaceae	Lotus	NA
ASV_1749	Viridiplantae	Streptophyta	Magnoliopsida	Fabales	Fabaceae	Lotus	NA
ASV_1750	Viridiplantae	Streptophyta	Magnoliopsida	Fabales	Fabaceae	Lotus	NA
ASV_1751	Viridiplantae	Streptophyta	Magnoliopsida	Brassicales	Brassicaceae	Arabis	NA
ASV_1752	Viridiplantae	Streptophyta	Magnoliopsida	Malvales	Cistaceae	Helianthemum	NA
ASV_1753	Viridiplantae	Streptophyta	Magnoliopsida	Fabales	Fabaceae	Lotus	NA
ASV_1754	Viridiplantae	Streptophyta	Magnoliopsida	Fabales	Fabaceae	Lotus	NA
ASV_1755	Viridiplantae	Streptophyta	Magnoliopsida	Fabales	Fabaceae	Lotus	NA
ASV_1756	Viridiplantae	Streptophyta	Magnoliopsida	Fabales	Fabaceae	Lotus	NA
ASV_1757	Viridiplantae	Streptophyta	Magnoliopsida	Fabales	Fabaceae	Lotus	NA
ASV_1758	Viridiplantae	Streptophyta	Magnoliopsida	Fabales	Fabaceae	Lotus	NA
ASV_1759	Viridiplantae	Streptophyta	Magnoliopsida	Poales	Poaceae	Zea	NA
ASV_1760	Viridiplantae	Streptophyta	Magnoliopsida	Fabales	Fabaceae	Ulex	NA
ASV_1761	Viridiplantae	Streptophyta	Magnoliopsida	Saxifragales	Crassulaceae	Sedum	NA
ASV_1762	Viridiplantae	Streptophyta	Magnoliopsida	Asterales	Asteraceae	NA	NA
ASV_1763	Viridiplantae	Streptophyta	Magnoliopsida	Fabales	Fabaceae	Stauracanthus	NA
ASV_1764	Viridiplantae	Streptophyta	Magnoliopsida	Asterales	Asteraceae	Cirsium	NA
ASV_1765	Viridiplantae	Streptophyta	Magnoliopsida	Lamiales	Plantaginaceae	Plantago	NA
ASV_1766	Viridiplantae	Streptophyta	Magnoliopsida	Lamiales	Plantaginaceae	Plantago	NA
ASV_1767	Viridiplantae	Streptophyta	Magnoliopsida	Fabales	Fabaceae	Lotus	NA
ASV_1768	Viridiplantae	Streptophyta	Magnoliopsida	Brassicales	Brassicaceae	Erucastrum	NA
ASV_1769	Viridiplantae	Streptophyta	Magnoliopsida	Fabales	Fabaceae	Ulex	NA
ASV_1770	Viridiplantae	Streptophyta	Magnoliopsida	Saxifragales	Crassulaceae	Sedum	NA
ASV_1771	Viridiplantae	Streptophyta	Magnoliopsida	Asterales	Asteraceae	Leontodon	NA
ASV_1772	Viridiplantae	Streptophyta	Magnoliopsida	Lamiales	NA	NA	NA
ASV_1773	Viridiplantae	Streptophyta	Magnoliopsida	Ericales	Ericaceae	Erica	NA
ASV_1774	Viridiplantae	Streptophyta	Magnoliopsida	NA	NA	NA	NA
ASV_1775	Viridiplantae	Streptophyta	Magnoliopsida	NA	NA	NA	NA
ASV_1776	Viridiplantae	Streptophyta	Magnoliopsida	NA	NA	NA	NA
ASV_1777	Viridiplantae	Streptophyta	Magnoliopsida	Boraginales	Boraginaceae	Pulmonaria	NA
ASV_1778	Viridiplantae	Streptophyta	Magnoliopsida	Alismatales	Juncaginaceae	Triglochin	NA
ASV_1779	Viridiplantae	Streptophyta	Magnoliopsida	NA	NA	NA	NA
ASV_1780	Viridiplantae	Streptophyta	Magnoliopsida	Poales	Poaceae	Agrostis	NA
ASV_1781	Viridiplantae	Streptophyta	Magnoliopsida	Lamiales	Lamiaceae	NA	NA
ASV_1782	Viridiplantae	Streptophyta	Magnoliopsida	Fagales	Fagaceae	Quercus	NA
ASV_1783	Viridiplantae	Streptophyta	Magnoliopsida	Ericales	Ericaceae	Daboecia	NA
ASV_1784	Viridiplantae	Streptophyta	Magnoliopsida	Fabales	Fabaceae	Vicia	NA
ASV_1785	Viridiplantae	Streptophyta	Magnoliopsida	Fabales	Fabaceae	Vicia	NA
ASV_1786	Viridiplantae	Streptophyta	Magnoliopsida	Fabales	Fabaceae	Lotus	NA
ASV_1787	Viridiplantae	Streptophyta	Magnoliopsida	Fabales	Fabaceae	Lotus	NA
ASV_1788	Viridiplantae	Streptophyta	Magnoliopsida	Fabales	Fabaceae	Lotus	NA
ASV_1789	Viridiplantae	Streptophyta	Magnoliopsida	Asterales	Asteraceae	Taraxacum	NA
ASV_1790	Viridiplantae	Streptophyta	Magnoliopsida	Lamiales	Plantaginaceae	Plantago	NA
ASV_1791	Viridiplantae	Streptophyta	Magnoliopsida	Fabales	Fabaceae	Lotus	NA
ASV_1792	Viridiplantae	Streptophyta	Magnoliopsida	Ericales	Primulaceae	Anagallis	NA
ASV_1793	Viridiplantae	Streptophyta	Magnoliopsida	Asterales	Asteraceae	Crepis	NA
ASV_1794	Viridiplantae	Streptophyta	Magnoliopsida	Fabales	Fabaceae	NA	NA
ASV_1795	Viridiplantae	Streptophyta	Magnoliopsida	Fabales	Fabaceae	Lotus	NA
ASV_1796	Viridiplantae	Streptophyta	Magnoliopsida	Lamiales	Lamiaceae	Teucrium	NA
ASV_1797	Viridiplantae	Streptophyta	Magnoliopsida	Fagales	Fagaceae	Castanea	NA
ASV_1798	Viridiplantae	Streptophyta	Magnoliopsida	Asparagales	Amaryllidaceae	Allium	NA
ASV_1799	Viridiplantae	Streptophyta	Magnoliopsida	Poales	Poaceae	Spartina	NA
ASV_1800	Viridiplantae	Streptophyta	Magnoliopsida	Poales	Poaceae	Spartina	NA
ASV_1801	Viridiplantae	Streptophyta	Magnoliopsida	NA	NA	NA	NA
ASV_1802	Viridiplantae	Streptophyta	Magnoliopsida	Caryophyllales	Polygonaceae	Polygonum	NA
ASV_1803	Viridiplantae	Streptophyta	Magnoliopsida	Solanales	Solanaceae	Solanum	NA
ASV_1804	Viridiplantae	Streptophyta	Magnoliopsida	Fabales	Fabaceae	Trifolium	NA
ASV_1805	Viridiplantae	Streptophyta	Magnoliopsida	Fabales	Fabaceae	Lotus	NA
ASV_1806	Viridiplantae	Streptophyta	Magnoliopsida	NA	NA	NA	NA
ASV_1807	Viridiplantae	Streptophyta	Magnoliopsida	Lamiales	NA	NA	NA
ASV_1808	Viridiplantae	Streptophyta	Magnoliopsida	Lamiales	NA	NA	NA
ASV_1809	Viridiplantae	Streptophyta	Magnoliopsida	Fabales	Fabaceae	Lotus	NA
ASV_1810	Viridiplantae	Streptophyta	Magnoliopsida	Lamiales	NA	NA	NA
ASV_1811	Viridiplantae	Streptophyta	Magnoliopsida	Ericales	Ericaceae	Daboecia	NA
ASV_1812	Viridiplantae	Streptophyta	Magnoliopsida	NA	NA	NA	NA
ASV_1813	Viridiplantae	Streptophyta	Magnoliopsida	Fabales	Fabaceae	Ulex	NA
ASV_1814	Viridiplantae	Streptophyta	Magnoliopsida	Asterales	Asteraceae	Leontodon	NA
ASV_1815	Viridiplantae	Streptophyta	Magnoliopsida	Fabales	Fabaceae	Lotus	NA
ASV_1816	Viridiplantae	Streptophyta	Magnoliopsida	Asterales	Asteraceae	Leontodon	NA
ASV_1817	Viridiplantae	Streptophyta	Magnoliopsida	Fabales	Fabaceae	Lotus	NA
ASV_1818	Viridiplantae	Streptophyta	Magnoliopsida	Fabales	Fabaceae	Lotus	NA
ASV_1819	Viridiplantae	Streptophyta	Magnoliopsida	NA	NA	NA	NA
ASV_1820	Viridiplantae	Streptophyta	Magnoliopsida	Saxifragales	Crassulaceae	Sedum	NA
ASV_1821	Viridiplantae	Streptophyta	Magnoliopsida	Fabales	Fabaceae	Ulex	NA
ASV_1822	Viridiplantae	Streptophyta	Magnoliopsida	Fabales	Fabaceae	Lotus	NA
ASV_1823	Viridiplantae	Streptophyta	Magnoliopsida	NA	NA	NA	NA
ASV_1824	Viridiplantae	Streptophyta	Magnoliopsida	Asterales	Asteraceae	Hypochaeris	NA
ASV_1825	Viridiplantae	Streptophyta	Magnoliopsida	Lamiales	NA	NA	NA
ASV_1826	Viridiplantae	Streptophyta	Magnoliopsida	Caryophyllales	Polygonaceae	Rumex	NA
ASV_1827	Viridiplantae	Streptophyta	Magnoliopsida	Lamiales	NA	NA	NA
ASV_1828	Viridiplantae	Streptophyta	Magnoliopsida	Lamiales	Orobanchaceae	Pedicularis	NA
ASV_1829	Viridiplantae	Streptophyta	Magnoliopsida	NA	NA	NA	NA
ASV_1830	Viridiplantae	Streptophyta	Magnoliopsida	Lamiales	Lamiaceae	Lamium	NA
ASV_1831	Viridiplantae	Streptophyta	Magnoliopsida	Lamiales	Plantaginaceae	Linaria	NA
ASV_1832	Viridiplantae	Streptophyta	Magnoliopsida	Fabales	Fabaceae	Lotus	NA
ASV_1833	Viridiplantae	Streptophyta	Magnoliopsida	Lamiales	Plantaginaceae	NA	NA
ASV_1834	Viridiplantae	Streptophyta	Magnoliopsida	Lamiales	Plantaginaceae	Linaria	NA
ASV_1835	Viridiplantae	Streptophyta	Magnoliopsida	NA	NA	NA	NA
ASV_1836	Viridiplantae	Streptophyta	Magnoliopsida	Fabales	Fabaceae	Lotus	NA
ASV_1837	Viridiplantae	Streptophyta	Magnoliopsida	Ericales	Ericaceae	Vaccinium	NA
ASV_1838	Viridiplantae	Streptophyta	Magnoliopsida	Poales	Poaceae	Avenella	NA
ASV_1839	Viridiplantae	Streptophyta	Magnoliopsida	Fabales	Fabaceae	Lotus	NA
ASV_1840	Viridiplantae	Streptophyta	Magnoliopsida	Geraniales	Geraniaceae	Geranium	NA
ASV_1841	Viridiplantae	Streptophyta	Magnoliopsida	Lamiales	Plantaginaceae	Linaria	NA
ASV_1842	Viridiplantae	Streptophyta	Magnoliopsida	Fabales	Fabaceae	Vicia	NA
ASV_1843	Viridiplantae	Streptophyta	Magnoliopsida	Poales	Poaceae	Festuca	NA
ASV_1844	Viridiplantae	Streptophyta	Magnoliopsida	Fabales	Fabaceae	Lotus	NA
ASV_1845	Viridiplantae	Streptophyta	Magnoliopsida	Fabales	Fabaceae	Lotus	NA
ASV_1846	Viridiplantae	Streptophyta	Magnoliopsida	Lamiales	Orobanchaceae	Rhinanthus	NA
ASV_1847	Viridiplantae	Streptophyta	Magnoliopsida	Apiales	Apiaceae	Eryngium	NA
ASV_1848	Viridiplantae	Streptophyta	Magnoliopsida	Fabales	Fabaceae	Lotus	NA
ASV_1849	Viridiplantae	Streptophyta	Magnoliopsida	Fagales	Fagaceae	Castanea	NA
ASV_1850	Viridiplantae	Streptophyta	Magnoliopsida	Fabales	Fabaceae	Lotus	NA
ASV_1851	Viridiplantae	Streptophyta	Magnoliopsida	Fabales	Fabaceae	Lotus	NA
ASV_1852	Viridiplantae	Streptophyta	Magnoliopsida	Fabales	Fabaceae	Genista	NA
ASV_1853	Viridiplantae	Streptophyta	Magnoliopsida	Fagales	Fagaceae	NA	NA
ASV_1854	Viridiplantae	Streptophyta	Magnoliopsida	Fabales	Fabaceae	NA	NA
ASV_1855	Viridiplantae	Streptophyta	Magnoliopsida	Asterales	Asteraceae	NA	NA
ASV_1856	Viridiplantae	Streptophyta	Magnoliopsida	Fabales	Fabaceae	Trifolium	NA
ASV_1857	Viridiplantae	Streptophyta	Magnoliopsida	Asterales	Asteraceae	Cirsium	NA
ASV_1858	Viridiplantae	Streptophyta	Magnoliopsida	Boraginales	Boraginaceae	Echium	NA
ASV_1859	Viridiplantae	Streptophyta	Magnoliopsida	Poales	Poaceae	Agrostis	NA
ASV_1860	Viridiplantae	Streptophyta	Magnoliopsida	Fabales	Fabaceae	Lotus	NA
ASV_1861	Viridiplantae	Streptophyta	Magnoliopsida	Lamiales	Lamiaceae	Prunella	NA
ASV_1862	Viridiplantae	Streptophyta	Magnoliopsida	Fabales	Fabaceae	Lotus	NA
ASV_1863	Viridiplantae	Streptophyta	Magnoliopsida	Lamiales	Plantaginaceae	Plantago	NA
ASV_1864	Viridiplantae	Streptophyta	Magnoliopsida	Fabales	Fabaceae	Lotus	NA
ASV_1865	Viridiplantae	Streptophyta	Magnoliopsida	Magnoliales	Magnoliaceae	Liriodendron	NA
ASV_1866	Viridiplantae	Streptophyta	Magnoliopsida	Fabales	Fabaceae	Lotus	NA
ASV_1867	Viridiplantae	Streptophyta	Magnoliopsida	Ericales	Primulaceae	NA	NA
ASV_1868	Viridiplantae	Streptophyta	Magnoliopsida	Fabales	Fabaceae	Lotus	NA
ASV_1869	Viridiplantae	Streptophyta	Magnoliopsida	Fabales	Fabaceae	Trifolium	NA
ASV_1870	Viridiplantae	Streptophyta	Magnoliopsida	Fabales	Fabaceae	Lotus	NA
ASV_1871	Viridiplantae	Streptophyta	Magnoliopsida	Fabales	Fabaceae	Trifolium	NA
ASV_1872	Viridiplantae	Streptophyta	Magnoliopsida	Malpighiales	Salicaceae	Populus	NA
ASV_1873	Viridiplantae	Streptophyta	Magnoliopsida	Poales	Poaceae	NA	NA
ASV_1874	Viridiplantae	Streptophyta	Magnoliopsida	Poales	Poaceae	Hordeum	NA
ASV_1875	Viridiplantae	Streptophyta	Magnoliopsida	Rosales	Rosaceae	Malus	NA
ASV_1876	Viridiplantae	Streptophyta	Magnoliopsida	Caryophyllales	Caryophyllaceae	Stellaria	NA
ASV_1877	Viridiplantae	Streptophyta	Magnoliopsida	Lamiales	Lamiaceae	NA	NA
ASV_1878	Viridiplantae	Streptophyta	Magnoliopsida	NA	NA	NA	NA
ASV_1879	Viridiplantae	Streptophyta	Magnoliopsida	Lamiales	Plantaginaceae	Globularia	NA
ASV_1880	Viridiplantae	Streptophyta	Magnoliopsida	Malpighiales	Salicaceae	Populus	NA
ASV_1881	Viridiplantae	Streptophyta	Magnoliopsida	Lamiales	Lamiaceae	Lamium	NA
ASV_1882	Viridiplantae	Streptophyta	Magnoliopsida	Ranunculales	Ranunculaceae	Coptidium	NA
ASV_1883	Viridiplantae	Streptophyta	Magnoliopsida	Fabales	Fabaceae	Trifolium	NA
ASV_1884	Viridiplantae	Streptophyta	Magnoliopsida	Fabales	Fabaceae	Vicia	NA
ASV_1885	Viridiplantae	Streptophyta	Magnoliopsida	Fabales	Fabaceae	Lotus	NA
ASV_1886	Viridiplantae	Streptophyta	Magnoliopsida	Fabales	Fabaceae	Hippocrepis	NA
ASV_1887	Viridiplantae	Streptophyta	Magnoliopsida	Fabales	Fabaceae	NA	NA
ASV_1888	Viridiplantae	Streptophyta	Magnoliopsida	Fabales	Fabaceae	Lotus	NA
ASV_1889	Viridiplantae	Streptophyta	Magnoliopsida	Lamiales	Plantaginaceae	Linaria	NA
ASV_1890	Viridiplantae	Streptophyta	Magnoliopsida	Fabales	Fabaceae	Hippocrepis	NA
ASV_1891	Viridiplantae	Streptophyta	Magnoliopsida	Fabales	Fabaceae	Lotus	NA
ASV_1892	Viridiplantae	Streptophyta	Magnoliopsida	Solanales	Solanaceae	Capsicum	NA
ASV_1893	Viridiplantae	Streptophyta	Magnoliopsida	Asterales	Asteraceae	Pilosella	NA
ASV_1894	Viridiplantae	Streptophyta	Magnoliopsida	Gentianales	Rubiaceae	Galium	NA
ASV_1895	Viridiplantae	Streptophyta	Magnoliopsida	Rosales	Rosaceae	Horkeliella	NA
ASV_1896	Viridiplantae	Streptophyta	Magnoliopsida	Dipsacales	Caprifoliaceae	Valeriana	NA
ASV_1897	Viridiplantae	Streptophyta	Magnoliopsida	Lamiales	Lamiaceae	NA	NA
ASV_1898	Viridiplantae	Streptophyta	Magnoliopsida	Fabales	Fabaceae	Lotus	NA
ASV_1899	Viridiplantae	Streptophyta	Magnoliopsida	Rosales	Rosaceae	Rubus	NA
ASV_1900	Viridiplantae	Streptophyta	Magnoliopsida	Poales	Poaceae	Helictochloa	NA
ASV_1901	Viridiplantae	Streptophyta	Magnoliopsida	Ranunculales	Ranunculaceae	Helleborus	NA
ASV_1902	Viridiplantae	Streptophyta	Magnoliopsida	Fabales	Fabaceae	NA	NA
ASV_1903	Viridiplantae	Streptophyta	Magnoliopsida	Fabales	Fabaceae	Lotus	NA
ASV_1904	Viridiplantae	Streptophyta	Magnoliopsida	Malpighiales	Violaceae	Viola	NA
ASV_1905	Viridiplantae	Streptophyta	Magnoliopsida	NA	NA	NA	NA
ASV_1906	Viridiplantae	Streptophyta	Magnoliopsida	NA	NA	NA	NA
ASV_1907	Viridiplantae	Streptophyta	Magnoliopsida	Fabales	Fabaceae	Lotus	NA
ASV_1908	Viridiplantae	Streptophyta	Magnoliopsida	Fabales	Fabaceae	Trifolium	NA
ASV_1909	Viridiplantae	Streptophyta	Magnoliopsida	Malpighiales	Rhizophoraceae	Rhizophora	NA
ASV_1910	Viridiplantae	Streptophyta	Magnoliopsida	Zingiberales	Musaceae	Musa	NA
ASV_1911	Viridiplantae	Streptophyta	Magnoliopsida	Lamiales	Plantaginaceae	Linaria	NA
ASV_1912	Viridiplantae	Streptophyta	Magnoliopsida	Ericales	Ericaceae	NA	NA
ASV_1913	Viridiplantae	Streptophyta	Magnoliopsida	Fabales	Fabaceae	Lotus	NA
ASV_1914	Viridiplantae	Streptophyta	Magnoliopsida	NA	NA	NA	NA
ASV_1915	Viridiplantae	Streptophyta	Magnoliopsida	NA	NA	NA	NA
ASV_1916	Viridiplantae	Streptophyta	Magnoliopsida	Rosales	Rosaceae	Rubus	NA
ASV_1917	Viridiplantae	Streptophyta	Magnoliopsida	NA	NA	NA	NA
ASV_1918	Viridiplantae	Streptophyta	Magnoliopsida	Boraginales	Boraginaceae	Symphytum	NA
ASV_1919	Viridiplantae	Streptophyta	Magnoliopsida	Malpighiales	Violaceae	Viola	NA
ASV_1920	Viridiplantae	Streptophyta	Magnoliopsida	Fabales	Fabaceae	Lotus	NA
ASV_1921	Viridiplantae	Streptophyta	Magnoliopsida	Fabales	Fabaceae	Lotus	NA
ASV_1922	Viridiplantae	Streptophyta	Magnoliopsida	Dioscoreales	Dioscoreaceae	Dioscorea	NA
ASV_1923	Viridiplantae	Streptophyta	Magnoliopsida	Fabales	Fabaceae	Lotus	NA
ASV_1924	Viridiplantae	Streptophyta	Magnoliopsida	Asterales	Campanulaceae	Campanula	NA
ASV_1925	Viridiplantae	Streptophyta	Magnoliopsida	Apiales	Apiaceae	Bupleurum	NA
ASV_1926	Viridiplantae	Streptophyta	Magnoliopsida	Fabales	Fabaceae	Lotus	NA
ASV_1927	Viridiplantae	Streptophyta	Magnoliopsida	Fabales	Fabaceae	Vicia	NA
ASV_1928	Viridiplantae	Streptophyta	Magnoliopsida	Fabales	Fabaceae	Lotus	NA
ASV_1929	Viridiplantae	Streptophyta	Magnoliopsida	Fabales	Fabaceae	Lotus	NA
ASV_1930	Viridiplantae	Streptophyta	Magnoliopsida	Fabales	Fabaceae	Lotus	NA
ASV_1931	Viridiplantae	Streptophyta	Magnoliopsida	Lamiales	Scrophulariaceae	Scrophularia	NA
ASV_1932	Viridiplantae	Streptophyta	Magnoliopsida	Fabales	Fabaceae	Trifolium	NA
ASV_1933	Viridiplantae	Streptophyta	Magnoliopsida	Ericales	Ericaceae	Daboecia	NA
ASV_1934	Viridiplantae	Streptophyta	Magnoliopsida	Ranunculales	Ranunculaceae	Helleborus	NA
ASV_1935	Viridiplantae	Streptophyta	Magnoliopsida	Fabales	Fabaceae	Gonocytisus	NA
ASV_1936	Viridiplantae	Streptophyta	Magnoliopsida	Lamiales	Orobanchaceae	Pedicularis	NA
ASV_1937	Viridiplantae	Streptophyta	Magnoliopsida	Ranunculales	Ranunculaceae	Ranunculus	NA
ASV_1938	Viridiplantae	Streptophyta	Magnoliopsida	Lamiales	Lamiaceae	Lamium	NA
ASV_1939	Viridiplantae	Streptophyta	Magnoliopsida	Caryophyllales	Caryophyllaceae	Cerastium	alpinum/beeringianum/cerastoides
ASV_1940	Viridiplantae	Streptophyta	Magnoliopsida	Lamiales	Plantaginaceae	Linaria	NA
ASV_1941	Viridiplantae	Streptophyta	Magnoliopsida	Lamiales	Plantaginaceae	Linaria	NA
ASV_1942	Viridiplantae	Streptophyta	Magnoliopsida	Fabales	Fabaceae	Lotus	NA
ASV_1943	Viridiplantae	Streptophyta	Magnoliopsida	Fabales	Fabaceae	Vicia	NA
ASV_1944	Viridiplantae	Streptophyta	Magnoliopsida	Lamiales	NA	NA	NA
ASV_1945	Viridiplantae	Streptophyta	Magnoliopsida	Poales	Poaceae	Brachypodium	NA
ASV_1946	Viridiplantae	Streptophyta	Magnoliopsida	Fabales	Fabaceae	Lotus	NA
ASV_1947	Viridiplantae	Streptophyta	Magnoliopsida	Fabales	Fabaceae	Lotus	NA
ASV_1948	Viridiplantae	Streptophyta	Magnoliopsida	Fabales	Fabaceae	Ulex	NA
ASV_1949	Viridiplantae	Streptophyta	Magnoliopsida	Fabales	Fabaceae	Anthyllis	NA
ASV_1950	Viridiplantae	Streptophyta	Magnoliopsida	Fabales	Fabaceae	Lotus	NA
ASV_1951	Viridiplantae	Streptophyta	Magnoliopsida	Malvales	Cistaceae	Helianthemum	NA
ASV_1952	Viridiplantae	Streptophyta	Magnoliopsida	Rosales	Rosaceae	Rosa	carolina/hybrid/xanthina
ASV_1953	Viridiplantae	Streptophyta	Magnoliopsida	Lamiales	Orobanchaceae	Rhinanthus	NA
ASV_1954	Viridiplantae	Streptophyta	Magnoliopsida	Poales	Poaceae	Agrostis	NA
ASV_1955	Viridiplantae	Streptophyta	Magnoliopsida	Lamiales	Orobanchaceae	Rhinanthus	NA
ASV_1956	Viridiplantae	Streptophyta	Magnoliopsida	Asterales	Asteraceae	NA	NA
ASV_1957	Viridiplantae	Streptophyta	Magnoliopsida	Fabales	Fabaceae	Lotus	NA
ASV_1958	Viridiplantae	Streptophyta	Magnoliopsida	Poales	Poaceae	Aegilops	NA
ASV_1959	Viridiplantae	Streptophyta	Magnoliopsida	Asterales	Asteraceae	NA	NA
ASV_1960	Viridiplantae	Streptophyta	Magnoliopsida	Asterales	Asteraceae	Carthamus	NA
ASV_1961	Viridiplantae	Streptophyta	Magnoliopsida	Ericales	Ericaceae	Vaccinium	NA
ASV_1962	Viridiplantae	Streptophyta	Magnoliopsida	Asterales	NA	NA	NA
ASV_1963	Viridiplantae	Streptophyta	Magnoliopsida	Fabales	Fabaceae	Lotus	NA
ASV_1964	Viridiplantae	Streptophyta	Magnoliopsida	Fabales	Fabaceae	Lotus	NA
ASV_1965	Viridiplantae	Streptophyta	Magnoliopsida	Ranunculales	Ranunculaceae	Clematis	NA
ASV_1966	Viridiplantae	Streptophyta	Magnoliopsida	Ranunculales	Ranunculaceae	Ranunculus	NA
ASV_1967	Viridiplantae	Streptophyta	Magnoliopsida	Fabales	Fabaceae	Trifolium	NA
ASV_1968	Viridiplantae	Streptophyta	Magnoliopsida	Fabales	Fabaceae	Lotus	NA
ASV_1969	Viridiplantae	Streptophyta	Magnoliopsida	Fabales	Fabaceae	Lotus	NA
ASV_1970	Viridiplantae	Streptophyta	Magnoliopsida	Fabales	Fabaceae	Lotus	NA
ASV_1971	Viridiplantae	Streptophyta	Magnoliopsida	Fabales	Fabaceae	Lotus	NA
ASV_1972	Viridiplantae	Streptophyta	Magnoliopsida	Fabales	Fabaceae	Lotus	NA
ASV_1973	Viridiplantae	Streptophyta	Magnoliopsida	Lamiales	NA	NA	NA
ASV_1974	Viridiplantae	Streptophyta	Magnoliopsida	Fabales	Fabaceae	Lotus	NA
ASV_1975	Viridiplantae	Streptophyta	Magnoliopsida	Ranunculales	Ranunculaceae	Ranunculus	NA
ASV_1976	Viridiplantae	Streptophyta	Magnoliopsida	Liliales	Liliaceae	Erythronium	NA
ASV_1977	Viridiplantae	Streptophyta	Magnoliopsida	NA	NA	NA	NA
ASV_1978	Viridiplantae	Streptophyta	Magnoliopsida	Rosales	Rosaceae	Potentilla	NA
ASV_1979	Viridiplantae	Streptophyta	Magnoliopsida	Fabales	Fabaceae	Vigna	unguiculata/vexillata
ASV_1980	Viridiplantae	Streptophyta	Magnoliopsida	Fagales	Fagaceae	NA	NA
ASV_1981	Viridiplantae	Streptophyta	Magnoliopsida	Rosales	Cannabaceae	Cannabis	sativa
ASV_1982	Viridiplantae	Streptophyta	Magnoliopsida	Fagales	Fagaceae	NA	NA
ASV_1983	Viridiplantae	Streptophyta	Magnoliopsida	Boraginales	Boraginaceae	Pulmonaria	NA
ASV_1984	Viridiplantae	Streptophyta	Magnoliopsida	NA	NA	NA	NA
ASV_1985	Viridiplantae	Streptophyta	Magnoliopsida	Dipsacales	Adoxaceae	Sambucus	NA
ASV_1986	Viridiplantae	Streptophyta	Magnoliopsida	Lamiales	Lamiaceae	Lamium	NA
ASV_1987	Viridiplantae	Streptophyta	Magnoliopsida	Fabales	Fabaceae	Lotus	NA
ASV_1988	Viridiplantae	Streptophyta	Magnoliopsida	Lamiales	Lamiaceae	NA	NA
ASV_1989	Viridiplantae	Streptophyta	Magnoliopsida	Poales	Poaceae	Helictotrichon	NA
ASV_1990	Viridiplantae	Streptophyta	Magnoliopsida	Fabales	Fabaceae	Hippocrepis	NA
ASV_1991	Viridiplantae	Streptophyta	Magnoliopsida	Fabales	Fabaceae	Lotus	NA
ASV_1992	Viridiplantae	Streptophyta	Magnoliopsida	Fabales	Fabaceae	Vicia	NA
ASV_1993	Viridiplantae	Streptophyta	Magnoliopsida	Fabales	Fabaceae	Lotus	NA
ASV_1994	Viridiplantae	Streptophyta	Magnoliopsida	Gentianales	Rubiaceae	Galium	NA
ASV_1995	Viridiplantae	Streptophyta	Magnoliopsida	Lamiales	Scrophulariaceae	Scrophularia	NA
ASV_1996	Viridiplantae	Streptophyta	Magnoliopsida	Fabales	Fabaceae	Lotus	NA
ASV_1997	Viridiplantae	Streptophyta	Magnoliopsida	Fabales	Fabaceae	Lotus	NA
ASV_1998	Viridiplantae	Streptophyta	Magnoliopsida	Lamiales	NA	NA	NA
ASV_1999	Viridiplantae	Streptophyta	Magnoliopsida	Fabales	Fabaceae	Lotus	NA
ASV_2000	Viridiplantae	Streptophyta	Magnoliopsida	Fabales	Fabaceae	Lotus	NA
ASV_2001	Viridiplantae	Streptophyta	Magnoliopsida	Rosales	Rosaceae	Horkeliella	NA
ASV_2002	Viridiplantae	Streptophyta	Magnoliopsida	Fabales	Fabaceae	Lotus	NA
ASV_2003	Viridiplantae	Streptophyta	Magnoliopsida	Fabales	Fabaceae	Trifolium	NA
ASV_2004	Viridiplantae	Streptophyta	Magnoliopsida	Fabales	Fabaceae	Lotus	NA
ASV_2005	Viridiplantae	Streptophyta	Magnoliopsida	Lamiales	Plantaginaceae	Linaria	NA
ASV_2006	Viridiplantae	Streptophyta	Magnoliopsida	Lamiales	Lamiaceae	Sideritis	NA
ASV_2007	Viridiplantae	Streptophyta	Magnoliopsida	Boraginales	Boraginaceae	Pontechium	NA
ASV_2008	Viridiplantae	Streptophyta	Magnoliopsida	Lamiales	NA	NA	NA
ASV_2009	Viridiplantae	Streptophyta	Magnoliopsida	Asterales	Asteraceae	Carduus	NA
ASV_2010	Viridiplantae	Streptophyta	Magnoliopsida	Fabales	Fabaceae	Lotus	NA
ASV_2011	Viridiplantae	Streptophyta	Magnoliopsida	Poales	Poaceae	Setaria	NA
ASV_2012	Viridiplantae	Streptophyta	Magnoliopsida	Lamiales	Plantaginaceae	Plantago	NA
ASV_2013	Viridiplantae	Streptophyta	Magnoliopsida	NA	NA	NA	NA
ASV_2014	Viridiplantae	Streptophyta	Magnoliopsida	NA	NA	NA	NA
ASV_2015	Viridiplantae	Streptophyta	Magnoliopsida	Lamiales	Lamiaceae	NA	NA
ASV_2016	Viridiplantae	Streptophyta	Magnoliopsida	NA	NA	NA	NA
ASV_2017	Viridiplantae	Streptophyta	Magnoliopsida	Poales	Poaceae	Triticum	NA
ASV_2018	Viridiplantae	Streptophyta	Magnoliopsida	Poales	Poaceae	Spartina	NA
ASV_2019	Viridiplantae	Streptophyta	Magnoliopsida	Fabales	Fabaceae	Lotus	NA
ASV_2020	Viridiplantae	Streptophyta	Magnoliopsida	Lamiales	Orobanchaceae	Euphrasia	NA
ASV_2021	Viridiplantae	Streptophyta	Magnoliopsida	NA	NA	NA	NA
ASV_2022	Viridiplantae	Streptophyta	Magnoliopsida	Fabales	Fabaceae	Lotus	NA
ASV_2023	Viridiplantae	Streptophyta	Magnoliopsida	Fabales	Fabaceae	Lotus	NA
ASV_2024	Viridiplantae	Streptophyta	Magnoliopsida	NA	NA	NA	NA
ASV_2025	Viridiplantae	Streptophyta	Magnoliopsida	Caryophyllales	Caryophyllaceae	Minuartia	NA
ASV_2026	Viridiplantae	Streptophyta	Magnoliopsida	Fabales	Fabaceae	Trifolium	NA
ASV_2027	Viridiplantae	Streptophyta	Magnoliopsida	NA	NA	NA	NA
ASV_2028	Viridiplantae	Streptophyta	Magnoliopsida	Ericales	Ericaceae	Daboecia	NA
ASV_2029	Viridiplantae	Streptophyta	Magnoliopsida	Ericales	Ericaceae	Daboecia	NA
ASV_2030	Viridiplantae	Streptophyta	Magnoliopsida	Rosales	Rosaceae	Rubus	NA
ASV_2031	Viridiplantae	Streptophyta	Magnoliopsida	Fabales	Fabaceae	NA	NA
ASV_2032	Viridiplantae	Streptophyta	Magnoliopsida	Magnoliales	Magnoliaceae	Liriodendron	NA
ASV_2033	Viridiplantae	Streptophyta	Magnoliopsida	Fabales	Fabaceae	Trifolium	NA
ASV_2034	Viridiplantae	Streptophyta	Magnoliopsida	Fabales	Fabaceae	NA	NA
ASV_2035	Viridiplantae	Streptophyta	Magnoliopsida	Fabales	Fabaceae	Lotus	NA
ASV_2036	Viridiplantae	Streptophyta	Magnoliopsida	Fabales	Fabaceae	Lotus	NA
ASV_2037	Viridiplantae	Streptophyta	Magnoliopsida	Fabales	Fabaceae	Lotus	NA
ASV_2038	Viridiplantae	Streptophyta	Magnoliopsida	Fabales	Fabaceae	Ulex	NA
ASV_2039	Viridiplantae	Streptophyta	Magnoliopsida	Fabales	Fabaceae	Lotus	NA
ASV_2040	Viridiplantae	Streptophyta	Magnoliopsida	Asterales	Asteraceae	Bellis	NA
ASV_2041	Viridiplantae	Streptophyta	Magnoliopsida	Fabales	Fabaceae	Lotus	NA
ASV_2042	Viridiplantae	Streptophyta	Magnoliopsida	Fabales	Fabaceae	Lotus	NA
ASV_2043	Viridiplantae	Streptophyta	Magnoliopsida	Fabales	Fabaceae	Lotus	NA
ASV_2044	Viridiplantae	Streptophyta	Magnoliopsida	Fabales	Fabaceae	Lotus	NA
ASV_2045	Viridiplantae	Streptophyta	Magnoliopsida	NA	NA	NA	NA
ASV_2046	Viridiplantae	Streptophyta	Magnoliopsida	Fabales	Fabaceae	NA	NA
ASV_2047	Viridiplantae	Streptophyta	Magnoliopsida	Fabales	Fabaceae	Lotus	NA
ASV_2048	Viridiplantae	Streptophyta	Magnoliopsida	Fabales	Fabaceae	Trifolium	NA
ASV_2049	Viridiplantae	Streptophyta	Magnoliopsida	Fabales	Fabaceae	Lotus	NA
ASV_2050	Viridiplantae	Streptophyta	Magnoliopsida	NA	NA	NA	NA
ASV_2051	Viridiplantae	Streptophyta	Magnoliopsida	Ericales	Ericaceae	Erica	NA
ASV_2052	Viridiplantae	Streptophyta	Magnoliopsida	Lamiales	NA	NA	NA
ASV_2053	Viridiplantae	Streptophyta	Magnoliopsida	Fabales	Fabaceae	Lotus	NA
ASV_2054	Viridiplantae	Streptophyta	Magnoliopsida	Lamiales	NA	NA	NA
ASV_2055	Viridiplantae	Streptophyta	Magnoliopsida	Rosales	Rosaceae	NA	NA
ASV_2056	Viridiplantae	Streptophyta	Magnoliopsida	Asterales	Asteraceae	Bellis	NA
ASV_2057	Viridiplantae	Streptophyta	Magnoliopsida	Fabales	Fabaceae	Vicia	NA
ASV_2058	Viridiplantae	Streptophyta	Magnoliopsida	Lamiales	Lamiaceae	NA	NA
ASV_2059	Viridiplantae	Streptophyta	Magnoliopsida	Fabales	Fabaceae	Lotus	NA
ASV_2060	Viridiplantae	Streptophyta	Magnoliopsida	Fagales	Fagaceae	NA	NA
ASV_2061	Viridiplantae	Streptophyta	Magnoliopsida	Lamiales	Plantaginaceae	Linaria	NA
ASV_2062	Viridiplantae	Streptophyta	Magnoliopsida	Poales	Poaceae	Bromus	NA
ASV_2063	Viridiplantae	Streptophyta	Magnoliopsida	Fabales	Fabaceae	Lotus	NA
ASV_2064	Viridiplantae	Streptophyta	Magnoliopsida	Fabales	Fabaceae	Lotus	NA
ASV_2065	Viridiplantae	Streptophyta	Magnoliopsida	Fabales	Fabaceae	Lotus	NA
ASV_2066	Viridiplantae	Streptophyta	Magnoliopsida	Fagales	Fagaceae	Quercus	NA
ASV_2067	Viridiplantae	Streptophyta	Magnoliopsida	Fabales	Fabaceae	Lotus	NA
ASV_2068	Viridiplantae	Streptophyta	Magnoliopsida	Lamiales	Plantaginaceae	Plantago	NA
ASV_2069	Viridiplantae	Streptophyta	Magnoliopsida	Geraniales	Geraniaceae	Geranium	NA
ASV_2070	Viridiplantae	Streptophyta	Magnoliopsida	Lamiales	Lamiaceae	Lamium	NA
ASV_2071	Viridiplantae	Streptophyta	Magnoliopsida	NA	NA	NA	NA
ASV_2072	Viridiplantae	Streptophyta	Magnoliopsida	Fagales	Fagaceae	Quercus	NA
ASV_2073	Viridiplantae	Streptophyta	Magnoliopsida	Fabales	Fabaceae	Lotus	NA
ASV_2074	Viridiplantae	Streptophyta	Magnoliopsida	Lamiales	Plantaginaceae	Linaria	NA
ASV_2075	Viridiplantae	Streptophyta	Magnoliopsida	Apiales	Apiaceae	Hellenocarum	NA
ASV_2076	Viridiplantae	Streptophyta	Magnoliopsida	NA	NA	NA	NA
ASV_2077	Viridiplantae	Streptophyta	Magnoliopsida	Caryophyllales	Caryophyllaceae	Arenaria	NA
ASV_2078	Viridiplantae	Streptophyta	Magnoliopsida	Lamiales	Lamiaceae	Matsumurella	NA
ASV_2079	Viridiplantae	Streptophyta	Magnoliopsida	Brassicales	Brassicaceae	Erysimum	NA
ASV_2080	Viridiplantae	Streptophyta	Magnoliopsida	Ericales	Primulaceae	Primula	NA
ASV_2081	Viridiplantae	Streptophyta	Magnoliopsida	Fabales	Fabaceae	Trifolium	NA
ASV_2082	Viridiplantae	Streptophyta	Magnoliopsida	Fabales	Fabaceae	NA	NA
ASV_2083	Viridiplantae	Streptophyta	Magnoliopsida	Poales	Poaceae	Saccharum	NA
ASV_2084	Viridiplantae	Streptophyta	Magnoliopsida	Lamiales	Orobanchaceae	Melampyrum	NA
ASV_2085	Viridiplantae	Streptophyta	Magnoliopsida	Malpighiales	Hypericaceae	Hypericum	NA
ASV_2086	Viridiplantae	Streptophyta	Magnoliopsida	Lamiales	Orobanchaceae	Rhinanthus	NA
ASV_2087	Viridiplantae	Streptophyta	Magnoliopsida	Fabales	Fabaceae	Trifolium	NA
ASV_2088	Viridiplantae	Streptophyta	Magnoliopsida	Fagales	Fagaceae	Chrysolepis	NA
ASV_2089	Viridiplantae	Streptophyta	Magnoliopsida	Fabales	Fabaceae	Ulex	NA
ASV_2090	Viridiplantae	Streptophyta	Magnoliopsida	Asterales	Asteraceae	Pilosella	NA
ASV_2091	Viridiplantae	Streptophyta	Magnoliopsida	Fabales	Fabaceae	Ulex	NA
ASV_2092	Viridiplantae	Streptophyta	Magnoliopsida	Fabales	Fabaceae	Lotus	NA
ASV_2093	Viridiplantae	Streptophyta	Magnoliopsida	Fabales	Fabaceae	Lotus	NA
ASV_2094	Viridiplantae	Streptophyta	Magnoliopsida	Brassicales	Brassicaceae	Capsella	NA
ASV_2095	Viridiplantae	Streptophyta	Magnoliopsida	Asterales	Asteraceae	Carduus	NA
ASV_2096	Viridiplantae	Streptophyta	Magnoliopsida	Caryophyllales	Amaranthaceae	Polycnemum	NA
ASV_2097	Viridiplantae	Streptophyta	Magnoliopsida	Asterales	NA	NA	NA
ASV_2098	Viridiplantae	Streptophyta	Magnoliopsida	NA	NA	NA	NA
ASV_2099	Viridiplantae	Streptophyta	Magnoliopsida	Fabales	Fabaceae	NA	NA
ASV_2100	Viridiplantae	Streptophyta	Magnoliopsida	Rosales	Rosaceae	Rubus	NA
ASV_2101	Viridiplantae	Streptophyta	Magnoliopsida	Lamiales	Lamiaceae	Lamium	NA
ASV_2102	Viridiplantae	Streptophyta	Magnoliopsida	NA	NA	NA	NA
ASV_2103	Viridiplantae	Streptophyta	Magnoliopsida	Fabales	Fabaceae	Anthyllis	NA
ASV_2104	Viridiplantae	Streptophyta	Magnoliopsida	Lamiales	Orobanchaceae	Euphrasia	NA
ASV_2105	Viridiplantae	Streptophyta	Magnoliopsida	Lamiales	Plantaginaceae	Linaria	NA
ASV_2106	Viridiplantae	Streptophyta	Magnoliopsida	Fabales	Fabaceae	Lotus	NA
ASV_2107	Viridiplantae	Streptophyta	Magnoliopsida	Ranunculales	Ranunculaceae	Ranunculus	NA
ASV_2108	Viridiplantae	Streptophyta	Magnoliopsida	Magnoliales	Magnoliaceae	Liriodendron	NA
ASV_2109	Viridiplantae	Streptophyta	Magnoliopsida	Fabales	Fabaceae	NA	NA
ASV_2110	Viridiplantae	Streptophyta	Magnoliopsida	Fabales	Fabaceae	Ulex	NA
ASV_2111	Viridiplantae	Streptophyta	Magnoliopsida	Fabales	Fabaceae	Ulex	NA
ASV_2112	Viridiplantae	Streptophyta	Magnoliopsida	Fabales	Fabaceae	NA	NA
ASV_2113	Viridiplantae	Streptophyta	Magnoliopsida	Fabales	Fabaceae	Ulex	NA
ASV_2114	Viridiplantae	Streptophyta	Magnoliopsida	NA	NA	NA	NA
ASV_2115	Viridiplantae	Streptophyta	Magnoliopsida	NA	NA	NA	NA
ASV_2116	Viridiplantae	Streptophyta	Magnoliopsida	NA	NA	NA	NA
ASV_2117	Viridiplantae	Streptophyta	Magnoliopsida	Ericales	Primulaceae	Anagallis	NA
ASV_2118	Viridiplantae	Streptophyta	Magnoliopsida	Ericales	NA	NA	NA
ASV_2119	Viridiplantae	Streptophyta	Magnoliopsida	Lamiales	Orobanchaceae	Rhinanthus	NA
ASV_2120	Viridiplantae	Streptophyta	Magnoliopsida	NA	NA	NA	NA
ASV_2121	Viridiplantae	Streptophyta	Magnoliopsida	Lamiales	Plantaginaceae	Plantago	NA
ASV_2122	Viridiplantae	Streptophyta	Magnoliopsida	Ericales	Ericaceae	NA	NA
ASV_2123	Viridiplantae	Streptophyta	Magnoliopsida	Ranunculales	Ranunculaceae	NA	NA
ASV_2124	Viridiplantae	Streptophyta	Magnoliopsida	Malpighiales	Salicaceae	Salix	NA
ASV_2125	Viridiplantae	Streptophyta	Magnoliopsida	Boraginales	Boraginaceae	Pulmonaria	NA
ASV_2126	Viridiplantae	Streptophyta	Magnoliopsida	Malpighiales	Rhizophoraceae	Kandelia	NA
ASV_2127	Viridiplantae	Streptophyta	Magnoliopsida	Poales	Poaceae	Stipa	NA
ASV_2128	Viridiplantae	Streptophyta	Magnoliopsida	Sapindales	Anacardiaceae	Spondias	NA
ASV_2129	Viridiplantae	Streptophyta	Magnoliopsida	NA	NA	NA	NA
ASV_2130	Viridiplantae	Streptophyta	Magnoliopsida	Boraginales	Boraginaceae	Pulmonaria	NA
ASV_2131	Viridiplantae	Streptophyta	Magnoliopsida	Caryophyllales	Chenopodiaceae	Suaeda	NA
ASV_2132	Viridiplantae	Streptophyta	Magnoliopsida	Caryophyllales	Polygonaceae	Rumex	NA
ASV_2133	Viridiplantae	Streptophyta	Magnoliopsida	Caryophyllales	Polygonaceae	Rumex	NA
ASV_2134	Viridiplantae	Streptophyta	Magnoliopsida	Poales	Poaceae	Triticum	NA
ASV_2135	Viridiplantae	Streptophyta	Magnoliopsida	Poales	Poaceae	Saccharum	NA
ASV_2136	Viridiplantae	Streptophyta	Magnoliopsida	Fabales	Fabaceae	NA	NA
ASV_2137	Viridiplantae	Streptophyta	Magnoliopsida	Ericales	Ericaceae	Vaccinium	NA
ASV_2138	Viridiplantae	Streptophyta	Magnoliopsida	Fabales	Fabaceae	Vicia	NA
ASV_2139	Viridiplantae	Streptophyta	Magnoliopsida	Fabales	Fabaceae	Lotus	NA
ASV_2140	Viridiplantae	Streptophyta	Magnoliopsida	Lamiales	Plantaginaceae	Linaria	NA
ASV_2141	Viridiplantae	Streptophyta	Magnoliopsida	Fabales	Fabaceae	Lotus	NA
ASV_2142	Viridiplantae	Streptophyta	Magnoliopsida	Fabales	Fabaceae	Lotus	NA
ASV_2143	Viridiplantae	Streptophyta	Magnoliopsida	Lamiales	Orobanchaceae	Pedicularis	NA
ASV_2144	Viridiplantae	Streptophyta	Magnoliopsida	Fabales	Fabaceae	Lotus	NA
ASV_2145	Viridiplantae	Streptophyta	Magnoliopsida	Malvales	Malvaceae	Tilia	NA
ASV_2146	Viridiplantae	Streptophyta	Magnoliopsida	Fabales	Fabaceae	Lotus	NA
ASV_2147	Viridiplantae	Streptophyta	Magnoliopsida	Fabales	Fabaceae	Lotus	NA
ASV_2148	Viridiplantae	Streptophyta	Magnoliopsida	Fabales	Fabaceae	Lotus	NA
ASV_2149	Viridiplantae	Streptophyta	Magnoliopsida	Apiales	Apiaceae	NA	NA
ASV_2150	Viridiplantae	Streptophyta	Magnoliopsida	Lamiales	NA	NA	NA
ASV_2151	Viridiplantae	Streptophyta	Magnoliopsida	Fabales	Fabaceae	Lotus	NA
ASV_2152	Viridiplantae	Streptophyta	Magnoliopsida	Asterales	Asteraceae	Leontodon	NA
ASV_2153	Viridiplantae	Streptophyta	Magnoliopsida	Lamiales	Lamiaceae	Clinopodium	NA
ASV_2154	Viridiplantae	Streptophyta	Magnoliopsida	Asterales	Asteraceae	Carduus	NA
ASV_2155	Viridiplantae	Streptophyta	Magnoliopsida	Lamiales	NA	NA	NA
ASV_2156	Viridiplantae	Streptophyta	Magnoliopsida	NA	NA	NA	NA
ASV_2157	Viridiplantae	Streptophyta	Magnoliopsida	Lamiales	Lamiaceae	Elsholtzia	densa/eriostachya
ASV_2158	Viridiplantae	Streptophyta	Magnoliopsida	Rosales	Ulmaceae	Ulmus	NA
ASV_2159	Viridiplantae	Streptophyta	Magnoliopsida	Dioscoreales	Dioscoreaceae	Dioscorea	NA
ASV_2160	Viridiplantae	Streptophyta	Magnoliopsida	Poales	Poaceae	Spartina	NA
ASV_2161	Viridiplantae	Streptophyta	Magnoliopsida	Malvales	Malvaceae	Heritiera	NA
ASV_2162	Viridiplantae	Streptophyta	Magnoliopsida	Boraginales	Boraginaceae	Trigonotis	NA
ASV_2163	Viridiplantae	Streptophyta	Magnoliopsida	Dioscoreales	Dioscoreaceae	Dioscorea	NA
ASV_2164	Viridiplantae	Streptophyta	Magnoliopsida	Lamiales	Paulowniaceae	Paulownia	NA
ASV_2165	Viridiplantae	Streptophyta	Magnoliopsida	NA	NA	NA	NA
ASV_2166	Viridiplantae	Streptophyta	Magnoliopsida	Malvales	Malvaceae	Heritiera	NA
ASV_2167	Viridiplantae	Streptophyta	Magnoliopsida	Fabales	Fabaceae	Lotus	NA
ASV_2168	Viridiplantae	Streptophyta	Magnoliopsida	Lamiales	Lamiaceae	Teucrium	NA
ASV_2169	Viridiplantae	Streptophyta	Magnoliopsida	NA	NA	NA	NA
ASV_2170	Viridiplantae	Streptophyta	Magnoliopsida	Lamiales	Plantaginaceae	Linaria	NA
ASV_2171	Viridiplantae	Streptophyta	Magnoliopsida	Fabales	Fabaceae	Lotus	NA
ASV_2172	Viridiplantae	Streptophyta	Magnoliopsida	Fabales	Fabaceae	Lotus	NA
ASV_2173	Viridiplantae	Streptophyta	Magnoliopsida	Fabales	Fabaceae	Lotus	NA
ASV_2174	Viridiplantae	Streptophyta	Magnoliopsida	NA	NA	NA	NA
ASV_2175	Viridiplantae	Streptophyta	Magnoliopsida	Fabales	Fabaceae	Gonocytisus	NA
ASV_2176	Viridiplantae	Streptophyta	Magnoliopsida	Fabales	Fabaceae	Trifolium	NA
ASV_2177	Viridiplantae	Streptophyta	Magnoliopsida	NA	NA	NA	NA
ASV_2178	Viridiplantae	Streptophyta	Magnoliopsida	Lamiales	Lamiaceae	Teucrium	NA
ASV_2179	Viridiplantae	Streptophyta	Magnoliopsida	Lamiales	Lamiaceae	Sideritis	NA
ASV_2180	Viridiplantae	Streptophyta	Magnoliopsida	Poales	Poaceae	Sesleria	NA
ASV_2181	Viridiplantae	Streptophyta	Magnoliopsida	Fabales	Fabaceae	NA	NA
ASV_2182	Viridiplantae	Streptophyta	Magnoliopsida	Poales	Poaceae	Zea	NA
ASV_2183	Viridiplantae	Streptophyta	Magnoliopsida	Fabales	Fabaceae	Lotus	NA
ASV_2184	Viridiplantae	Streptophyta	Magnoliopsida	Fabales	Fabaceae	Lotus	NA
ASV_2185	Viridiplantae	Streptophyta	Magnoliopsida	NA	NA	NA	NA
ASV_2186	Viridiplantae	Streptophyta	Magnoliopsida	Fabales	Fabaceae	Ulex	NA
ASV_2187	Viridiplantae	Streptophyta	Magnoliopsida	Fabales	Fabaceae	Trifolium	NA
ASV_2188	Viridiplantae	Streptophyta	Magnoliopsida	NA	NA	NA	NA
ASV_2189	Viridiplantae	Streptophyta	Magnoliopsida	Poales	Poaceae	Agrostis	NA
ASV_2190	Viridiplantae	Streptophyta	Magnoliopsida	Lamiales	Scrophulariaceae	Scrophularia	NA
ASV_2191	Viridiplantae	Streptophyta	Magnoliopsida	Fabales	Fabaceae	NA	NA
ASV_2192	Viridiplantae	Streptophyta	Magnoliopsida	Rosales	Rosaceae	Rubus	hypomalacus/silvaticus
ASV_2193	Viridiplantae	Streptophyta	Magnoliopsida	Ericales	Ericaceae	Vaccinium	NA
ASV_2194	Viridiplantae	Streptophyta	Magnoliopsida	NA	NA	NA	NA
ASV_2195	Viridiplantae	Streptophyta	Magnoliopsida	Magnoliales	Magnoliaceae	Liriodendron	NA
ASV_2196	Viridiplantae	Streptophyta	Magnoliopsida	Poales	Cyperaceae	Carex	NA
ASV_2197	Viridiplantae	Streptophyta	Magnoliopsida	Asterales	Asteraceae	Cirsium	NA
ASV_2198	Viridiplantae	Streptophyta	Magnoliopsida	Lamiales	Lamiaceae	Lamium	NA
ASV_2199	Viridiplantae	Streptophyta	Magnoliopsida	Brassicales	Brassicaceae	Erysimum	NA
ASV_2200	Viridiplantae	Streptophyta	Magnoliopsida	Poales	Poaceae	Dactylis	NA
ASV_2201	Viridiplantae	Streptophyta	Magnoliopsida	Brassicales	Brassicaceae	Biscutella	NA
ASV_2202	Viridiplantae	Streptophyta	Magnoliopsida	Dipsacales	Adoxaceae	Sambucus	NA
ASV_2203	Viridiplantae	Streptophyta	Magnoliopsida	Lamiales	Plantaginaceae	NA	NA
ASV_2204	Viridiplantae	Streptophyta	Magnoliopsida	Geraniales	Geraniaceae	NA	NA
ASV_2205	Viridiplantae	Streptophyta	Magnoliopsida	Fabales	Fabaceae	Lotus	NA
ASV_2206	Viridiplantae	Streptophyta	Magnoliopsida	Lamiales	Plantaginaceae	Linaria	NA
ASV_2207	Viridiplantae	Streptophyta	Magnoliopsida	Lamiales	Plantaginaceae	NA	NA
ASV_2208	Viridiplantae	Streptophyta	Magnoliopsida	Fabales	Fabaceae	NA	NA
ASV_2209	Viridiplantae	Streptophyta	Magnoliopsida	Poales	Poaceae	Helictochloa	NA
ASV_2210	Viridiplantae	Streptophyta	Magnoliopsida	Fabales	Fabaceae	Lotus	NA
ASV_2211	Viridiplantae	Streptophyta	Magnoliopsida	NA	NA	NA	NA
ASV_2212	Viridiplantae	Streptophyta	Magnoliopsida	Lamiales	Lamiaceae	Teucrium	NA
ASV_2213	Viridiplantae	Streptophyta	Magnoliopsida	Poales	Poaceae	Agrostis	NA
ASV_2214	Viridiplantae	Streptophyta	Magnoliopsida	Lamiales	Lamiaceae	Matsumurella	NA
ASV_2215	Viridiplantae	Streptophyta	Magnoliopsida	Poales	Poaceae	Lolium	NA
ASV_2216	Viridiplantae	Streptophyta	Magnoliopsida	Fabales	Fabaceae	Trifolium	NA
ASV_2217	Viridiplantae	Streptophyta	Magnoliopsida	Fabales	Fabaceae	Lotus	NA
ASV_2218	Viridiplantae	Streptophyta	Magnoliopsida	Lamiales	Lamiaceae	Prunella	NA
ASV_2219	Viridiplantae	Streptophyta	Magnoliopsida	Lamiales	Oleaceae	Ligustrum	NA
ASV_2220	Viridiplantae	Streptophyta	Magnoliopsida	Fabales	Fabaceae	Lotus	NA
ASV_2221	Viridiplantae	Streptophyta	Magnoliopsida	Fabales	Fabaceae	Vicia	NA
ASV_2222	Viridiplantae	Streptophyta	Magnoliopsida	Fagales	Betulaceae	Betula	NA
ASV_2223	Viridiplantae	Streptophyta	Magnoliopsida	Fagales	Fagaceae	NA	NA
ASV_2224	Viridiplantae	Streptophyta	Magnoliopsida	Lamiales	Orobanchaceae	Rhinanthus	NA
ASV_2225	Viridiplantae	Streptophyta	Magnoliopsida	Fabales	Fabaceae	Lotus	NA
ASV_2226	Viridiplantae	Streptophyta	Magnoliopsida	Gentianales	Rubiaceae	Galium	NA
ASV_2227	Viridiplantae	Streptophyta	Magnoliopsida	Fabales	Fabaceae	Faidherbia	NA
ASV_2228	Viridiplantae	Streptophyta	Magnoliopsida	Fabales	Fabaceae	Lotus	NA
ASV_2229	Viridiplantae	Streptophyta	Magnoliopsida	Asterales	Asteraceae	Tanacetum	NA
ASV_2230	Viridiplantae	Streptophyta	Magnoliopsida	Fabales	Fabaceae	Lotus	NA
ASV_2231	Viridiplantae	Streptophyta	Magnoliopsida	Asterales	Asteraceae	Cirsium	NA
ASV_2232	Viridiplantae	Streptophyta	Magnoliopsida	Fabales	Fabaceae	Ulex	NA
ASV_2233	Viridiplantae	Streptophyta	Magnoliopsida	Vitales	Vitaceae	Vitis	NA
ASV_2234	Viridiplantae	Streptophyta	Magnoliopsida	Brassicales	Brassicaceae	Arabidopsis	NA
ASV_2235	Viridiplantae	Streptophyta	Magnoliopsida	Malpighiales	Salicaceae	Salix	NA
ASV_2236	Viridiplantae	Streptophyta	Magnoliopsida	Poales	Poaceae	Agrostis	NA
ASV_2237	Viridiplantae	Streptophyta	Magnoliopsida	Saxifragales	Crassulaceae	Sedum	NA
ASV_2238	Viridiplantae	Streptophyta	Magnoliopsida	Asterales	Asteraceae	Pilosella	NA
ASV_2239	Viridiplantae	Streptophyta	Magnoliopsida	Asterales	Asteraceae	NA	NA
ASV_2240	Viridiplantae	Streptophyta	Magnoliopsida	Gentianales	Rubiaceae	Galium	NA
ASV_2241	Viridiplantae	Streptophyta	Magnoliopsida	Asterales	Asteraceae	Bellis	NA
ASV_2242	Viridiplantae	Streptophyta	Magnoliopsida	Asterales	Asteraceae	Cirsium	NA
ASV_2243	Viridiplantae	Streptophyta	Magnoliopsida	Boraginales	Boraginaceae	Echium	NA
ASV_2244	Viridiplantae	Streptophyta	Magnoliopsida	Poales	Poaceae	Lolium	NA
ASV_2245	Viridiplantae	Streptophyta	Magnoliopsida	Boraginales	Boraginaceae	NA	NA
ASV_2246	Viridiplantae	Streptophyta	Magnoliopsida	Lamiales	Lamiaceae	Thymus	NA
ASV_2247	Viridiplantae	Streptophyta	Magnoliopsida	Fabales	Fabaceae	Ulex	NA
ASV_2248	Viridiplantae	Streptophyta	Magnoliopsida	Poales	Poaceae	Zea	NA
ASV_2249	Viridiplantae	Streptophyta	Magnoliopsida	Caryophyllales	Caryophyllaceae	Cerastium	NA
ASV_2250	Viridiplantae	Streptophyta	Magnoliopsida	Asterales	Campanulaceae	Wahlenbergia	NA
ASV_2251	Viridiplantae	Streptophyta	Magnoliopsida	Asterales	Campanulaceae	NA	NA
ASV_2252	Viridiplantae	Streptophyta	Magnoliopsida	Ericales	Primulaceae	Primula	NA
ASV_2253	Viridiplantae	Streptophyta	Magnoliopsida	Fabales	Fabaceae	Lotus	NA
ASV_2254	Viridiplantae	Streptophyta	Magnoliopsida	Fabales	Fabaceae	NA	NA
ASV_2255	Viridiplantae	Streptophyta	Magnoliopsida	Fabales	Fabaceae	Lotus	NA
ASV_2256	Viridiplantae	Streptophyta	Magnoliopsida	Lamiales	Lamiaceae	Prunella	NA
ASV_2257	Viridiplantae	Streptophyta	Magnoliopsida	Lamiales	Plantaginaceae	Linaria	NA
ASV_2258	Viridiplantae	Streptophyta	Magnoliopsida	Fabales	Fabaceae	Trifolium	NA
ASV_2259	Viridiplantae	Streptophyta	Magnoliopsida	NA	NA	NA	NA
ASV_2260	Viridiplantae	Streptophyta	Magnoliopsida	Caryophyllales	Polygonaceae	Rumex	NA
ASV_2261	Viridiplantae	Streptophyta	Magnoliopsida	Fabales	Fabaceae	Lotus	NA
ASV_2262	Viridiplantae	Streptophyta	Magnoliopsida	Lamiales	Lamiaceae	Thymus	NA
ASV_2263	Viridiplantae	Streptophyta	Magnoliopsida	Fabales	Fabaceae	Vicia	NA
ASV_2264	Viridiplantae	Streptophyta	Magnoliopsida	Fabales	Fabaceae	Lotus	NA
ASV_2265	Viridiplantae	Streptophyta	Magnoliopsida	Boraginales	Boraginaceae	Echium	NA
ASV_2266	Viridiplantae	Streptophyta	Magnoliopsida	Boraginales	Boraginaceae	Echium	NA
ASV_2267	Viridiplantae	Streptophyta	Magnoliopsida	Fabales	Fabaceae	Lotus	NA
